longitude,latitude,housingMedianAge,totalRooms,totalBedrooms,population,households,medianIncome,medianHouseValue
-120.58961720677247,35.00265048395487,42,1534,2748,8165,4916,7.57,369165
-114.80482836364445,34.86407049926752,21,5788,254,13589,1997,7.2,419242
-117.00078082421349,41.067855602702956,37,2047,2478,3980,752,4.91,265017
-118.33946881866176,34.88822974058385,27,7051,1149,6032,2178,6.53,331308
-122.78357284995793,35.099046922870414,29,7411,126,10186,976,2.96,161315
-122.78381501582452,39.68593764935304,20,8065,865,8428,4283,4.9,279487
-123.76684053383127,36.772051917459585,25,3517,817,6433,3554,5.17,285613
-115.65359149641965,39.848846340948256,6,7011,2507,5859,2567,11.23,580663
-118.31480528209818,33.15509554268086,36,364,155,6585,2447,2.16,106361
-117.2409513189277,37.12804493246655,2,7260,2648,13970,1199,10.29,553091
-124.14333167727014,32.856303977724686,22,3257,2923,11368,3430,4.49,243490
-114.61210508429357,33.12956664451489,32,4628,2185,5167,1928,2.61,105737
-115.99227588636377,41.06957643597091,16,602,1796,12175,1303,5.56,285442
-122.2181153287901,33.85029894221657,18,8805,2978,761,1533,4.53,235867
-122.52447732924071,37.550078620209796,5,8436,1515,8073,359,8.95,483952
-122.50861872107151,36.408409620472646,36,6549,2637,6486,4002,6.32,338716
-121.29540788068624,35.808500700095706,30,4357,294,10102,3099,14.54,727210
-119.08144542641233,41.00743178291724,45,1067,2675,7987,1614,14.51,747698
-120.01327201283316,32.74535816365736,19,8410,1455,514,1550,7.49,394070
-121.42605943241166,38.78626094691229,23,564,1031,6950,4915,12.23,603861
-118.20699693698731,41.60554162594951,34,7667,2814,8634,65,1.68,139909
-122.9494816390535,37.81118260637594,13,6771,1786,2829,655,8.9,467824
-121.4168677287064,41.3554993677314,43,779,191,11742,1431,11.53,565224
-120.67172709333133,33.03174664408148,29,7874,942,11957,4958,4.43,255506
-119.77105735846095,36.48084513248786,36,8937,1441,12029,3433,2.33,171995
-116.46683334761414,34.9880848129529,22,6668,2449,3997,944,3.6,242266
-122.34527522713006,39.41702528046867,47,4350,594,12533,1617,7.46,376027
-119.18708623832734,41.77400562157909,36,3239,2249,12710,463,8.34,416093
-118.4021577286251,34.95394788760037,9,4337,1519,2269,4170,6.64,348158
-123.88363785629122,38.69578299987104,39,652,2750,13663,2054,7.44,379862
-118.25024968690956,34.404098724269154,51,6737,812,1978,365,7.85,410780
-122.63793779817959,37.85975769551885,19,1581,673,12262,4716,11.89,616176
-123.69688200642778,36.905604699737246,38,8354,705,6554,4870,2.92,169424
-114.82318920597653,41.68657015183277,6,1667,2547,12988,3105,11.88,564317
-114.65505438793143,38.26624163607375,47,2938,2818,4670,1899,10.8,565325
-116.23369062491074,35.828854961336965,15,7772,1297,10909,2003,11.51,627311
-121.29167775749936,33.61364133579545,20,9608,92,1615,438,11.42,639933
-123.3693719753759,33.96323265839573,9,6947,2361,674,2819,7.85,387397
-117.48030041381794,34.660232310841124,32,1080,1076,12734,4589,4.35,209587
-119.9308689628544,34.90159628321221,4,3349,1710,2967,3096,8.74,448723
-123.12473612215841,40.54429710428511,50,8476,1341,13898,2465,14.43,799019
-119.37842382248284,37.821106437738564,18,8092,645,3644,2439,9.45,509775
-124.0047392480032,37.46510847603279,5,4344,1062,4577,353,1.65,77289
-115.22042316312903,33.61997508428934,20,1368,2274,13691,813,2.31,128274
-121.75184898473583,40.63391451441819,23,3329,2160,171,2023,14.9,787834
-117.69827626508602,39.341682593191834,11,3845,1007,10860,865,2.47,164657
-121.22042079606231,33.176759285479015,37,2726,610,11729,927,2.12,130865
-119.12851706737477,39.200728264932124,22,3716,1380,3080,4848,6.27,337332
-118.86102879539347,37.6546946251943,4,3567,1362,9409,2376,14.59,701979
-122.4940612665237,33.30903550347718,29,7538,1871,5592,2479,5.8,328203
-114.61537033724383,36.852609036784656,44,3755,1600,10678,2110,7.03,373837
-116.56766645345441,37.10099206189374,34,5311,899,11800,4448,10.06,526356
-114.91743062669555,34.099938422936425,13,6952,1328,9651,1629,1.83,140401
-115.3659334017064,41.43901956327266,42,645,2701,4859,4305,13.62,680705
-118.3470842127367,40.538268245633034,9,6564,1583,9807,2251,8.51,450948
-115.09438268036791,38.83550019426691,42,3826,1864,8184,3647,7.8,429909
-123.46153527939872,36.890201229015716,31,4216,1791,14279,1253,13.12,668808
-122.38233206131177,36.41471374631023,7,4075,655,139,2474,14.37,740168
-123.8959180193382,38.66566032589048,4,5697,2927,9674,3925,7.22,407435
-121.08368347913682,37.67251389111898,19,6438,1536,10322,2873,3.83,203476
-120.4476800115176,33.125989926348545,42,461,1344,10913,3335,12.51,605421
-121.62565572099008,37.362649924928824,30,5192,795,5473,2113,6.94,400118
-116.02947540811464,40.12825803816102,31,4225,607,13353,2029,14.13,715770
-120.76819659999636,36.861447248187375,35,8483,2161,7665,4398,14.32,772263
-121.5294175227387,33.028911394785666,21,4422,991,2000,3181,3.05,139103
-118.90133132509118,39.93887785620375,31,4375,2346,2317,3142,14.41,692313
-122.93512078125337,34.43483318989952,19,9374,1319,4896,4876,6.47,377654
-116.29594231322945,34.97362205629644,31,3643,989,4706,3714,10.22,526664
-123.6015115374551,34.0898867857979,32,5211,1660,1383,2386,1.97,132027
-114.44165515653081,35.64732376044079,2,893,2254,8875,3664,13.5,716959
-116.59666251626156,39.66103166853006,10,8547,2832,13371,547,10.16,525988
-122.3548945573969,37.427420937932055,2,2012,1775,8750,3867,10.19,520323
-124.29455794407903,34.46793278975821,2,5924,1034,14964,4693,13.68,743169
-116.16276725831347,40.80038103541071,24,1607,1637,14293,181,8.36,404175
-117.25315226776992,40.816865255093894,17,8232,1386,14776,907,7.04,381465
-117.0307680328685,40.732142979682926,32,9608,1924,14492,570,13.19,672194
-116.60644571927311,34.787072349100285,16,1610,711,10557,79,11.52,628806
-123.60659169658973,36.7861622287431,16,3697,82,10958,3446,14.31,689894
-120.7510040854155,41.808752664285635,46,4572,1866,915,4654,14.19,748331
-123.18667464236769,39.80463740207701,39,7594,2655,2611,1310,6.66,344574
-115.68444160420904,32.79564543373252,31,751,2170,346,1608,7.53,359237
-118.09208680665132,33.15357520376123,43,9568,1939,4925,65,4.96,317119
-121.0277838304794,36.905594255804054,24,4532,2922,6616,3655,10.42,528809
-123.71187416312831,41.09576213715728,1,1197,1206,516,1657,6.42,340020
-121.22773748997474,37.60918391873504,11,4276,110,13442,3567,12.11,654480
-121.08515944685146,37.22441570060267,21,6299,1593,12755,2066,3.14,192508
-117.02475396948584,33.53250751659189,4,5755,321,6802,3624,3.07,200060
-117.94892298759366,38.720300785455606,7,4252,2343,3817,1793,4.26,235873
-115.44238406453368,40.27599074124812,26,5503,1249,207,3841,2.64,162055
-119.60896215137403,36.11975227064616,47,8318,2725,10923,3684,9.87,522391
-123.14927377077944,39.83850751720733,50,6302,1856,9130,1138,3.49,244587
-117.18902233628113,41.61572531320664,12,5690,2802,4613,1411,3.66,226306
-116.71171811188636,34.457442380391555,31,8764,2759,14031,3422,1.69,138756
-118.71477693640226,37.464531829542516,17,5816,1204,13208,4523,12.06,647485
-116.60948951325621,35.24196818557586,33,2448,1175,1521,525,12.47,622194
-119.39229221250152,40.00076008310843,11,1048,359,13070,1339,3.69,208359
-119.10176239300478,37.97515357294169,28,6554,1365,7383,378,11.48,637887
-120.05748817568016,38.51142054914836,32,8895,1795,12204,4094,7.35,384361
-124.09479196748929,40.04837224198557,1,8270,2592,355,1889,4.73,288681
-123.26677007298721,36.2660821477537,47,9094,387,7348,1236,9.89,541225
-124.03445097570518,41.150997543710275,28,3825,2676,11119,4583,3.91,204241
-117.96043947091164,37.55580164078618,42,514,59,9129,3464,11.72,566704
-121.19386594999368,34.026354882880625,7,2576,98,3062,3586,2.14,140918
-119.24395026070638,39.088410701968435,2,9432,1560,2382,1823,14.45,773819
-115.23803260178202,40.004589307623974,42,4578,2720,8844,2113,2.47,142247
-121.84710601934529,35.520727381205425,24,8649,1394,8472,1894,9.32,520092
-120.22975545272227,40.60605680835827,4,774,780,12544,2608,13.68,685320
-116.7642665690278,41.066808027345864,44,9944,844,1577,1312,1.66,118638
-122.0528664184641,35.14567122622518,19,5785,1698,8862,3341,8.23,443004
-123.57712170531892,41.79493705825024,26,5692,182,5052,1068,6.23,339399
-121.44089541274576,33.864095478938815,11,9149,2180,5980,1839,9.33,476761
-122.73133827596979,34.44096743966743,40,3010,2154,10019,3574,4.54,229458
-115.01583557048056,34.27355573722983,50,8334,425,13435,3554,2.38,135382
-116.23647138917326,40.95244317117407,43,9496,2446,5692,856,9.95,511951
-117.99062628463535,38.696892917377895,11,5870,320,13811,2716,7.13,395203
-115.60053567451531,33.971301305121585,45,7915,1556,7191,454,9.9,521199
-116.2811323479329,36.68344336684616,3,6767,2208,691,643,4.34,271663
-122.4768366087842,38.32995441590684,12,3659,2966,6377,3999,6.07,285223
-115.38870765516063,33.325397039750094,3,6317,2984,12808,4157,9.08,479629
-118.93500389116687,40.84353802671306,42,4192,125,2360,3330,9.51,484141
-116.24330084215282,40.10190926850485,27,8037,2006,11239,2262,6.53,335125
-115.35324334876813,37.29399573935617,49,403,1716,14917,1592,5.28,266116
-121.15724511128248,41.6406614495888,2,2975,378,447,663,5.19,244561
-123.24507867774211,36.471130814978686,49,2192,2219,8457,918,3.86,208414
-122.0615309680789,41.80047810213345,16,2443,90,5132,861,5.89,321130
-120.06183780219239,38.82512718874213,2,8698,1240,4543,1872,4.19,258341
-116.13713175013817,38.51225668131959,30,1887,2739,11188,4912,10.06,520312
-115.70826494410632,34.101635564733336,20,4309,2376,12785,4227,9.18,501169
-124.28020060946685,40.8389402056467,38,2060,2860,8874,1794,6.66,342764
-119.22209708212124,36.56267796333299,28,5376,2566,6969,2306,5.9,305359
-120.15919352838625,34.06661634841313,25,922,2106,11798,4092,4.71,227930
-122.12003758287386,32.658636762971895,32,9171,62,5796,3717,8.73,470607
-123.14655171196982,37.80730098303718,10,8920,973,12695,571,13.91,719233
-120.96034367910757,37.502830444174386,42,5093,1892,3138,1575,10.76,579149
-114.8831865727183,39.309117586493784,40,543,1282,2945,1519,11.55,590753
-121.10504256251161,40.91732827889752,33,5598,1264,7964,2725,12.76,632689
-119.1413421576966,33.28721596149091,13,8600,702,11058,1563,6.25,338973
-117.29168965269241,39.42338197410281,41,4936,1753,6709,4926,2.35,120340
-120.69915879211189,34.30354639395825,42,3606,670,12486,1501,9.9,519376
-114.59330788948155,40.61544607020892,47,9703,2012,1365,4704,4.05,272545
-114.6870291587812,40.24738766543818,37,1119,1695,12545,3480,9.18,473558
-121.82210574991333,37.628869234413976,16,6019,2293,12941,3057,11.48,590071
-119.35762500084044,39.223384735045364,45,2244,466,13038,3174,12.08,608840
-121.32918176943963,35.49803456505907,22,618,713,11259,1803,5.57,253732
-121.49020143645022,36.97368992895779,20,1949,1828,2374,1662,8.42,404421
-123.97965504856049,40.27160320745554,50,7578,1429,2570,3325,9.88,548810
-118.22997408684184,36.86168550539995,43,1299,197,10582,605,12.56,663377
-119.30310260678223,35.90688167671241,27,3592,2095,2677,4301,11.78,592664
-123.8331533374501,37.190539128625325,41,2972,1438,3760,2099,14.84,757822
-121.55238949906442,40.33382546543423,16,6984,2461,1168,874,1.61,129830
-115.2310105048948,35.69430772575991,34,1745,1775,5691,2899,7.41,345948
-121.9447986177036,34.175096591407346,32,1270,451,14806,3080,4.96,233376
-122.89525548420411,39.24005193131265,26,6722,2703,6074,1131,3.12,229482
-119.43589428681327,40.31245498158305,25,2050,1565,11028,3375,13.81,681595
-114.45406944072957,33.486998672906445,2,5253,2081,4929,542,14.97,767528
-121.91976507402453,34.79721540103344,12,3139,278,2050,4814,3.94,200636
-117.60175910404497,33.875956423650955,40,7394,1648,8383,124,2.02,98074
-116.70333906209967,35.81412868298819,9,6051,2634,3193,3041,5.21,292409
-121.9641190583163,36.77780271149993,12,6873,317,10511,3410,12.77,672359
-117.03870785993693,39.58645583082472,26,878,1478,14015,420,5.47,281507
-120.65745734749869,38.667298773736555,9,1188,1866,5411,4732,2.27,117748
-118.00164946084047,38.38293781997204,10,9999,1084,13488,378,2.21,151297
-117.98936170396061,35.855848247596846,32,1702,1393,13692,4735,7.27,361664
-118.97082217188942,40.45802147452759,34,1989,175,1487,1840,14.08,703941
-123.44349070865374,36.97481224521673,48,5481,2403,4374,826,5.36,275631
-115.96356294428405,41.75337746672261,20,5227,1775,2385,2072,7.27,372958
-121.12936814768376,38.50727752136289,39,1625,1162,3306,4724,2.88,132686
-122.47735415558546,33.72815121812197,2,6854,2725,3024,4366,8.16,453738
-123.94061757879017,38.902830859129836,1,2640,1425,7145,1237,10.9,564322
-118.41743485039005,35.59922878521229,51,7056,738,8571,1553,5.16,293822
-117.54725380710349,38.99833892081618,36,7567,1330,13430,3341,5.51,352180
-124.18345819756432,33.195323204208236,24,9670,1282,1718,3375,12.87,673336
-119.20858569467522,34.18563432382578,27,2794,330,11079,237,1.64,118345
-122.0759824170127,40.59248760630345,2,4889,492,8662,1264,10.09,523744
-117.87246518428913,34.67775963159127,31,2636,1913,5996,3336,6.82,357323
-122.59936105278989,40.416556988536065,14,5717,886,11475,3496,5.53,318507
-117.41298510945124,35.167987992356004,2,9419,438,12126,1159,10.38,556544
-120.4671771231426,38.58951877365244,29,6510,666,7943,2571,12.77,649916
-114.94523091308318,39.071956896727514,15,3739,196,9995,4989,9.04,452859
-122.96928972077423,37.36408122709495,12,3683,570,10560,3929,1.92,72289
-120.9256938354554,35.41297346771624,37,7571,679,7163,580,7.73,436490
-123.21072584674448,34.540983581652014,28,2441,2531,8595,1120,7.75,411359
-115.06607607248323,32.85231182643243,20,6578,2241,12066,3186,8.84,506563
-115.54151289205495,35.40013563567521,39,2965,338,1448,1012,10.56,551123
-121.76026605773984,38.68626185889937,24,9565,1459,5656,1455,1.76,148929
-117.72376017781684,41.369448341600226,21,5111,63,14873,3187,8.28,437924
-116.14508910997979,40.73803417809532,10,603,306,5389,566,9.44,484312
-118.77578385154139,39.748669547197196,46,3582,1771,2522,3214,6.14,346701
-119.0323081933057,39.95928950001354,14,4363,1473,3728,1541,10.52,551444
-121.92180299935946,38.797507941709114,37,7830,1280,2528,3739,4.58,257725
-123.41524821122877,34.98929932969609,18,287,907,3133,4278,5.78,286030
-115.34195379014861,41.07670523894186,24,9550,1245,6257,4459,14.5,787787
-115.30980270608016,38.8515910550339,14,6016,513,8960,640,6.2,330254
-117.99366136897639,37.81374633752594,34,5670,319,8791,1593,6.18,355131
-120.94614089787105,33.58441090529885,12,6476,1294,7913,3106,9.54,547551
-120.84393587088888,36.746792667218465,22,5939,2720,1514,2256,14.61,778224
-117.0614049841428,36.871971332010126,6,4473,1256,13960,3389,14.77,775807
-115.34301299007613,40.67554356560833,36,9773,121,6808,2758,9.33,522317
-115.44365230037822,37.683959751967095,45,6723,1356,8821,4079,1.51,93577
-116.52004951958946,36.119569165811555,36,5203,2171,14394,797,13.66,691663
-117.90400227261095,41.731691091285306,22,8238,2452,6735,850,9.2,483637
-123.5052347514497,33.58188078320063,14,6806,1800,3721,1547,6.44,367124
-122.72724771049008,36.5161807104154,16,2264,546,11748,1429,12.69,638030
-115.32851594718812,32.93545219336292,36,5515,1037,5415,729,6.9,371995
-118.26145224101772,39.50249777641682,25,517,2677,854,3820,1.96,108958
-124.25766160176903,41.17910035619401,32,1702,959,2447,3392,12.58,620701
-123.33122570962503,35.175151271070106,33,6330,422,13202,946,8.87,465111
-117.68844223815512,40.61699517867973,45,7619,411,14982,1596,6.06,347552
-124.29918169818396,35.28977354864646,36,2242,2190,826,3176,4.89,249892
-122.73548716376831,41.11034722106925,20,4798,1394,13118,733,9.52,496040
-118.84071275475948,39.63478151284574,18,318,373,5023,1345,4.31,196436
-117.40337221516536,40.11417277007794,38,909,2481,2749,1435,5.87,294366
-117.80430895459389,32.70944168820028,3,3757,624,13719,992,10.09,556328
-122.09833613301598,41.60004546006659,23,3450,785,10338,3330,13.4,678322
-117.19972061767074,39.37797403538174,32,8261,2834,2915,1083,8.69,452864
-121.96801916153213,35.40770780758351,45,8809,2443,9166,2836,11.75,650707
-121.08298703048095,40.34460379632175,16,2803,1265,3379,2283,11.8,614482
-116.85522629261504,35.18911447708449,5,1301,1745,3084,3695,10.47,534257
-117.82768569356597,40.75261363031727,4,4621,1957,10470,1670,4.82,237732
-115.82379695863845,33.599381473776326,21,8057,768,3907,3585,13.2,676752
-117.74756656130455,39.16168504790609,40,8377,830,7976,3255,7.39,380638
-118.64418162251187,37.627972665228604,51,6282,1069,6199,2932,2.1,145040
-123.40950533100595,33.448389364539096,14,6858,1453,14065,4954,4.8,294687
-120.65813333728329,34.81622092391567,39,2461,1476,707,220,11.83,613110
-121.68736822847548,32.65672198136953,31,8221,713,6269,1603,2.43,201603
-121.90034398047399,36.951106555021,14,708,1822,7890,3947,3.49,169201
-114.58097403028545,35.374906103751606,6,2579,2697,5673,1645,10.87,549921
-120.40329884434573,38.17054392724191,12,9079,60,734,1673,13.55,725026
-115.39385258602178,35.33700777053809,16,4952,2284,13597,4172,10.06,523170
-118.01336819498748,35.36223883928073,17,9684,2823,12871,1141,4.5,283394
-116.37009451244185,39.53344800006439,45,5695,1088,11019,2887,2.22,126682
-119.30352358522387,32.993024086556304,23,3409,2875,1174,457,9.8,479150
-118.55788499835135,41.0362419047566,14,7598,2508,2014,4219,2.14,109203
-119.4051223540586,40.55980305802102,7,6943,634,14440,729,9.77,532825
-122.38976040250763,38.824042069160484,46,5848,1125,688,4994,4.55,246221
-117.0965807627745,38.12221497471049,32,5371,2674,3331,286,13.71,688964
-121.5310454810938,40.93656650749413,15,8090,1424,6451,2824,7.91,423568
-124.1058676970282,34.2839569893652,44,524,1501,10596,3487,4.52,267670
-117.86945814909204,33.283099816215696,17,3757,1904,13616,3407,13.02,647567
-122.57180877875322,34.79379069884875,41,3787,1839,3938,2927,4.93,279978
-114.90779581309674,40.01698160256879,47,351,792,2073,2473,5.64,292176
-114.77255708689403,32.86624720989621,44,1154,1826,14446,4764,12.76,670598
-115.1647615221867,38.02421231813564,34,4554,253,5144,3197,5.67,303808
-120.63360664943534,41.90706702736023,5,7360,1126,10347,1082,7.04,357593
-124.19481557005017,40.592100243011245,45,9583,1023,11772,2904,6.19,377265
-115.02968163161924,37.44680393390018,27,887,1448,10371,2990,3.07,152938
-120.05103115089416,33.138860956387305,23,8701,1915,6203,3751,2.03,170494
-114.64478561680156,40.363224770369534,40,9894,1349,6783,4120,11.28,629789
-114.6752554300239,38.17638776194755,14,3327,1104,5937,3182,10.21,547052
-115.78578506710771,33.62151950233052,15,6963,1208,11344,3510,5.31,347684
-121.39373312362136,33.42319705018778,43,3595,154,12774,4992,5.49,298114
-120.48361880483667,41.09958837089834,33,9205,302,9543,1973,14.26,787882
-115.80458781797076,38.83717447424732,31,1045,344,6883,683,14.83,738628
-121.16810306823096,40.34358878157067,35,1364,2765,14178,4153,7.89,412134
-122.64829282327163,40.811191451656136,17,6104,1231,5694,1442,12.33,636974
-118.75971532491816,37.92037783277471,28,5560,598,12087,3496,11.45,609884
-114.95100606742577,37.40917017001494,19,554,2728,3922,3148,5.51,285766
-117.36186084138328,36.59032193112052,46,2072,1827,12594,4994,2.29,83648
-118.62658585230278,35.52246739111443,23,2224,348,3489,111,3.42,169885
-123.37434800254148,36.62954799168048,32,3017,1798,6014,2519,12.82,660691
-118.17532744394033,39.82220756042077,40,4032,1893,1880,1867,11.37,543512
-114.4098593449532,38.20409948585239,13,8457,150,10896,682,10.47,563868
-122.94355648702529,40.9386441584751,20,2781,2429,3788,4937,3.26,197074
-119.14597029026808,36.712205935308155,35,9782,2933,14783,2648,10.14,581914
-115.54117435784333,38.252712935743475,5,9522,1824,13180,3501,11.92,627961
-116.91268307774779,38.48060407459562,9,2686,2490,14669,1350,13.12,696718
-117.35196196040751,38.107870297302526,29,9226,923,10016,2703,1.68,154292
-117.29705979676942,39.15178380473471,6,8618,2478,7311,1504,10.74,537132
-120.74070884175366,34.774248937406924,25,2643,141,13393,1188,1.76,103530
-121.40233788358448,37.36134314670589,31,9119,496,11076,3242,11.04,602123
-116.22401399899573,33.52075539442655,22,1236,158,5137,4670,10.08,540555
-116.21646151742102,36.158251593137685,2,8884,366,13553,2260,3.5,225147
-115.64459392145577,37.1289471157261,45,7635,1885,12011,4932,11.84,658049
-115.18106485233304,38.677430282322895,5,1748,1993,6419,3809,2.42,114124
-119.21612231543618,41.484497204836174,27,9535,1508,9969,3079,12.66,648714
-119.31477640134051,38.19212653622003,25,5265,491,8740,1410,5.04,265368
-116.33511640317357,39.53721875122143,8,6696,2315,12979,2476,10.8,605019
-117.82436213499123,37.30396361984986,1,6383,1295,181,4318,13.97,748933
-117.30225255233266,38.50691893525128,20,4157,2770,6378,113,6.09,371734
-116.36024159886155,33.207472153818806,44,3607,1601,7099,1395,8.29,403668
-115.41434636815164,34.93382477572178,23,839,327,1506,1024,7.75,412521
-120.95652862521058,35.94503760706036,32,372,618,7510,4211,3.63,198457
-120.57914715549497,36.98616247061129,11,5866,1059,1580,3678,9.47,497123
-123.40642132399768,32.96955469517743,39,4554,2972,14875,1672,11.53,614788
-118.54406738439842,33.85762675797672,47,4159,2563,9371,507,13.88,717594
-123.9891395710807,35.144822636316185,24,8908,888,3698,3380,12.99,703246
-119.6753958979501,41.68212262137889,11,8914,2851,8093,1790,8.39,477680
-118.90184786753593,35.657975336839705,29,3086,1657,12806,3076,11.21,595532
-121.47312582863202,37.0760063568347,26,2364,2935,4283,2004,12.31,629056
-118.41803406388713,34.38527947686828,16,4145,79,3780,329,8.16,464271
-124.04377749061194,38.28744046882298,35,5435,2456,10995,2441,3.06,175860
-123.97502418495789,35.18122905800532,20,7946,1992,7744,1090,7.41,447905
-116.09109037097703,34.4878001631056,46,2790,2183,4410,1011,12.87,634893
-120.73368596023091,37.40094843367666,3,7954,1307,12048,3895,9.55,497568
-123.07431245297508,32.59180957009956,1,5134,2844,1858,1267,11.28,571139
-119.10667766904976,32.61211854722921,47,4276,2410,2699,3270,4.0,240517
-116.61926472688995,34.60143749364848,1,5385,414,5716,424,14.52,736815
-122.18315688393169,32.88554802113273,17,1293,1850,5913,4180,6.96,384267
-118.09617962277724,33.5565223463698,2,4080,1872,10842,1442,10.32,525870
-123.49311145146257,35.728678710277656,29,6759,1912,3953,2126,1.75,129280
-123.83111551946718,40.092331244846044,20,2985,954,11038,824,3.22,188726
-119.0151994990558,37.922977734105125,6,6265,747,2392,4366,12.06,614010
-118.92202337903453,37.36420330124988,8,6739,2228,1601,3474,14.57,734379
-117.950203788958,35.301729826388424,29,1774,2900,12696,2173,5.82,305527
-117.06004300942448,41.3078024998628,48,5876,2886,8522,4639,2.0,123835
-114.55244512219616,36.275911538041974,51,8260,1905,7650,3643,6.37,369768
-119.166344503056,33.35954293554821,33,4190,400,4350,329,1.74,81036
-121.10751701166988,38.34659591666851,3,5410,229,9490,4891,4.1,224914
-116.36633060452222,33.61121928261482,35,5045,1553,7091,2861,11.66,604588
-121.63084419732877,35.788549773763926,5,9485,1236,214,2392,14.15,706175
-119.9427269361154,37.31474634333458,27,1389,1856,9705,1524,2.68,160854
-123.56229793132364,40.766433957287504,44,2889,823,4506,1907,9.03,450796
-124.0954785361088,37.18427332100052,12,4295,559,9284,2939,4.93,297958
-114.68500991663363,39.14825498835796,20,2075,414,2447,1109,3.38,165518
-115.95675959005746,41.88240645498125,45,7968,402,1141,1972,4.46,252413
-117.36241897081928,33.77731261824,20,3606,2897,7027,3849,9.3,458191
-120.24411243808073,35.125223655138676,9,4132,1156,111,4642,2.38,162592
-122.6101250264887,36.25296087137385,39,9999,1298,13815,2523,7.36,427078
-122.77937209158229,36.509403160050404,4,8440,461,8080,4189,3.33,236702
-121.83756130242746,36.40770831824879,51,5608,784,7971,1901,5.18,282893
-118.83576428635055,41.080619534057185,19,4061,167,6475,3591,4.08,223470
-117.17545693609138,39.25904718443312,38,7606,531,7198,4599,13.42,675389
-117.72161833775398,38.26038806459352,27,3033,241,3776,644,11.06,555684
-121.53946367466273,35.45119727508878,45,5485,2688,6209,556,13.22,691834
-114.76315258214153,40.291867515522384,43,9789,2687,13117,4939,6.68,390689
-116.94151495637449,41.52711941307375,13,7845,2756,5497,70,5.73,362203
-118.78428531278554,40.26747583879764,13,9223,156,13764,1449,6.64,341096
-118.2083237078071,32.55472763985176,22,4977,431,3165,3251,1.75,116974
-120.13721537322499,38.528536893425866,28,2935,832,2136,2511,11.28,571150
-121.86278086540838,33.02118393937017,47,8473,2487,3146,3728,6.22,354875
-120.77603430634133,34.96408394334032,45,8478,293,10642,386,5.73,330944
-116.74122505093773,33.10012743027253,22,6568,2682,640,1717,9.57,507516
-124.20548937415724,38.22171521225374,43,1021,2966,14905,3626,7.39,351942
-123.18463068931055,39.00081108596543,19,7725,517,11152,959,14.74,749249
-123.8881334741016,33.61732867420017,8,362,915,176,325,6.31,312011
-123.94108282471754,36.15192388945326,8,7977,1611,3167,941,9.79,500972
-115.76117573652948,36.833185549271654,42,2132,1283,123,62,5.71,293901
-117.28527509182456,36.01278893477023,26,3735,653,5234,4107,14.87,757107
-119.58929475596325,33.678845254565665,48,6156,1710,775,3075,7.51,357279
-123.36774502706395,36.48229870566414,51,3646,1146,6768,1023,10.06,559902
-119.414176613827,39.608585429877216,26,2990,2065,10686,4320,3.21,176995
-119.59634342136312,33.208182123257934,23,2907,1708,4367,4020,11.4,535787
-122.61105322610344,33.29449393251071,43,8159,1783,6088,1458,5.13,302237
-119.99412944165076,35.87839785617661,13,4133,1663,11690,1993,7.56,394597
-120.34901246665036,41.40163894633409,28,3585,909,11051,2338,13.42,662569
-118.16686501555574,38.83126860566262,9,6836,1929,7752,596,14.6,770366
-117.97365974528886,38.926284292288834,20,1122,1326,8780,1268,7.23,348266
-123.89514774188866,35.94566711378431,19,8289,62,1585,1470,12.77,683805
-120.58888934915022,38.12634804527235,48,9974,2396,14813,1504,2.22,146839
-118.06636644622907,32.63533444170106,39,764,1149,3759,3427,12.94,632708
-119.29851196385592,38.52566379671379,51,3458,1124,11527,2822,10.0,516979
-115.75084199446924,41.13403017669239,12,2700,836,2519,4148,8.1,386058
-117.73671593854579,38.304316337124746,15,4766,198,7840,2788,13.51,697679
-122.71413835210244,40.76150376451831,31,9379,1804,7243,3797,12.91,705540
-123.64148977609968,39.35258645193594,14,7081,2219,3595,1892,5.51,336317
-117.9001104468086,33.67445469835872,11,3836,1353,856,796,12.19,650451
-124.0838264421621,41.03208562155977,26,6230,2635,10816,2866,2.84,200216
-118.46881316401442,33.165236575387844,42,423,1229,14817,921,12.61,623520
-114.91008837609343,37.56463391667446,27,6497,2473,12542,544,10.62,542992
-118.57223925412617,33.877510334896435,11,550,131,8548,3494,2.69,153557
-120.45277394088652,32.650159206977804,38,7514,541,1879,4773,10.72,563232
-117.89138628683878,36.511342387801086,34,2128,2453,13061,1125,9.34,477765
-119.74914097946517,35.31633305902561,43,7943,2075,10407,4044,9.53,531152
-118.87200743526802,37.11326464663544,19,8740,974,6587,4287,5.43,355621
-114.89769331988369,37.971450934172125,6,4932,1346,11640,95,5.1,290236
-120.47352951648023,32.951584670427195,46,1217,1653,13060,3106,11.79,599687
-114.6996467392079,33.69746100711445,38,2426,1646,14826,2107,4.97,238207
-115.26027955476113,37.796824950598506,49,7406,172,9764,713,7.52,436417
-122.38425700671546,35.76920479335472,42,7370,757,358,4718,10.88,589022
-123.65361253921333,39.401522517840306,28,6407,2427,4175,2079,2.57,153592
-123.33818886617063,38.678064413250155,1,2619,1040,8598,2746,9.53,480586
-124.16705287045843,40.497137055735024,35,6440,2420,8114,689,9.46,497062
-123.40179267401048,39.05635749895741,40,2093,2867,1218,2713,10.74,548344
-117.49261199489978,36.58565143824129,8,5522,2090,7731,2795,6.49,322929
-123.6352659694593,38.87261591673161,47,7918,2530,3117,4998,7.56,441950
-121.14748467185063,35.13133684974349,7,7078,759,4441,4452,5.95,353583
-115.86745187786667,35.422410023502984,11,1325,843,11072,2645,12.41,623775
-124.1163497652123,39.964350354854666,39,3317,761,1758,3477,3.26,171492
-116.17273643480709,36.74080764933889,4,4361,2636,8478,444,14.5,746341
-121.52017806127506,40.052759004277696,25,4242,2698,1897,3647,10.07,527641
-123.16362513067857,40.278994536218505,12,4633,1767,9216,4894,13.47,690663
-117.35475885974392,40.60966159739268,26,8838,306,884,2382,7.25,426671
-118.03541381832997,41.165537569265766,38,2858,1262,11736,379,5.99,285307
-115.5401809841884,36.59557092503012,46,3683,920,5791,2147,13.66,687176
-116.96988672020899,35.54053676040192,12,3144,2996,14843,822,2.83,172724
-116.28305145893611,38.01849020545061,43,7410,1781,3296,1695,3.08,197535
-121.51837289138408,36.03273250454808,51,7853,858,9652,1782,5.54,302674
-122.56850698045157,38.1961079095902,37,8987,2774,8632,4523,14.46,775944
-116.81382789352578,39.17956296747839,46,2186,320,662,1837,10.05,497570
-116.24937921775667,39.01789122401101,24,1274,1593,4846,1673,8.98,449167
-114.40532837431324,36.06454266685934,16,4505,599,3099,1049,11.02,594399
-120.20731852380928,34.11015449798526,13,3207,1187,1293,1898,7.14,391696
-120.61493841864045,36.59128107492937,25,1169,617,11402,1611,11.73,598109
-116.55481387415035,33.88181089581076,4,8972,408,168,823,6.81,364337
-120.9283324558597,40.915813101079635,11,3024,1723,5779,1853,12.66,640566
-115.00519645094022,35.79470690554324,32,1411,1687,2528,1148,5.11,264484
-115.73153597149616,33.99346622137148,49,429,1407,6300,2100,5.25,293753
-120.04289996515482,32.779463420713114,7,4484,1762,5496,1648,8.55,414272
-116.81125447937336,38.61718865495582,46,3385,1412,7093,797,7.32,365482
-116.77438954418979,38.53325080724913,11,701,847,13510,4023,10.25,538577
-123.31463635688723,35.745085207529954,28,248,1334,13303,2372,6.42,349443
-115.28836881693715,33.214808874056395,41,3766,936,3698,1603,4.61,247935
-119.27726618062351,36.39460790096413,23,3255,1808,10664,1665,7.84,439043
-116.05236704027827,35.46855662854654,45,9080,1272,12848,3804,9.07,484232
-121.13670200565265,38.91170521990644,23,586,2308,14614,4474,3.43,144245
-115.35894678589815,38.24038273734982,50,1169,336,9135,2352,9.02,472649
-120.442415145509,35.97082698233885,28,9397,1765,673,4271,5.81,363379
-124.2411899791378,34.59036893553946,43,6020,1835,4314,4912,6.8,395660
-115.2599649567506,41.83741844152412,47,3252,792,7736,3705,5.27,262491
-123.43348176506721,36.812155255455444,26,7597,1555,10888,3445,14.07,745472
-121.14409107859223,39.01666055869203,25,2502,2090,13033,266,10.73,565806
-114.81137785080992,33.86260342491237,29,2483,1096,1578,3366,5.04,270434
-114.80590424474694,37.10939907379493,19,9999,345,10365,1409,10.21,589422
-118.59268360324221,32.79912053397167,33,4566,2103,9805,3824,12.96,662729
-118.00635438981521,37.296332659537335,36,322,2647,6227,4977,6.92,346197
-119.84760695933767,41.611403800977584,14,6999,730,13419,4327,12.7,674718
-121.40616385215142,36.15538516919638,14,9672,1941,9260,4479,3.58,244011
-121.05020796448603,32.90695247832992,35,3927,844,14398,4656,12.61,646245
-117.59791470098654,32.831293992551025,30,8650,252,13927,4528,8.79,501298
-116.79615972444569,36.19095541110004,28,9339,374,6776,1946,4.51,304287
-116.40254640099248,34.04583465211866,17,5158,2922,2296,4477,7.0,365428
-116.42223384634268,32.75974322644823,3,724,2341,9803,949,14.84,742326
-123.43429072539115,39.655970107271166,16,9279,376,13436,691,12.08,669750
-119.38602014078609,36.85470151357859,46,8599,1036,8266,4779,9.26,544545
-123.77211004943288,35.26179330426268,30,348,810,8946,3677,3.05,166959
-118.8327300214697,41.00978275218509,29,8201,1086,6150,245,7.14,382280
-119.91703376621129,33.632867615486944,45,637,956,11284,1943,5.05,259648
-115.43745000510667,41.535196180469555,15,3949,1453,4750,3325,2.46,161948
-120.82681327397712,35.49442681052089,46,8386,414,12812,4100,8.82,466678
-123.17464715506684,40.899878556424696,25,4653,1294,8584,4603,13.5,676697
-122.91436351218952,38.213692467671734,51,5536,2170,13596,4975,10.62,551780
-116.70443325755657,40.3193162551674,38,4751,1698,10893,2354,4.87,280447
-118.14309064430473,41.79956386581047,42,3023,1119,4626,3650,9.24,449730
-123.33472833172718,35.2538951698744,47,5928,323,4512,3393,14.23,727278
-123.50556766660542,41.58428491768545,38,8877,2305,12785,2106,11.26,612858
-117.31226992015044,36.205024631031776,23,8591,2002,5543,2858,10.81,605265
-123.6194594161035,36.16766702357444,25,2182,1934,9880,1274,14.57,745214
-116.09852500472482,35.7430426510349,42,7196,173,8887,936,12.28,657473
-117.25932803934877,37.634645585140774,7,9863,1402,2693,442,3.34,236413
-123.53325824235532,33.99050485630956,22,2511,2640,10415,1725,6.19,354000
-123.49822935058467,37.750425077218885,17,7425,1741,10235,3240,14.53,793335
-114.4441386318482,37.63744228477814,18,9913,2157,9207,2496,8.11,414237
-120.59232121060855,39.709496056611826,49,804,2996,6952,3955,3.01,156481
-120.62875284344841,40.38464614183268,41,8375,2983,6729,3388,7.69,444625
-116.18949234473467,36.684553106439914,10,5985,2879,3969,3641,10.91,609420
-114.83962428306606,35.384955876397555,10,9809,491,11086,3816,14.97,810364
-114.45054931921838,34.98034138375386,7,4797,1290,13643,2577,5.87,300301
-116.78608302000022,34.37141030339284,48,7959,960,11370,2231,8.44,447254
-120.5723537612696,33.08246374849282,50,7732,1075,8071,3814,13.38,693679
-123.51165280434536,35.762435480834654,38,8940,1609,14985,404,6.3,365850
-116.54744496408854,35.08303078295067,27,1038,1791,9267,2681,2.98,144593
-118.74362133265251,41.6339876010029,33,4015,2929,9367,1571,14.31,674681
-120.09081102716036,37.788040055012914,1,1047,1784,7922,2722,8.09,386169
-115.25020197364886,35.80787693727708,44,4909,675,3089,3228,8.29,430160
-123.23357727764623,38.00220012535068,34,4707,1740,7162,2387,9.89,490785
-119.40404395291978,33.84984095966299,4,6775,1047,11759,678,1.55,87104
-124.2360094065351,36.71845167999273,17,4973,2831,5440,2729,14.07,769384
-119.64464715437897,38.43286496457221,4,4668,140,9743,4472,6.38,342167
-123.78471511215434,37.14052859716697,43,5392,2264,3923,1488,6.86,362237
-123.15706812066855,36.32073851415719,26,3520,256,13554,1471,3.85,223446
-123.17003648235786,41.892113339546164,4,4898,1138,4032,1176,6.61,377911
-117.83192856675473,40.82376191182141,1,4511,1961,10320,2733,12.35,684867
-116.85970941217515,38.406250066280336,7,3873,565,8654,1830,12.3,668472
-118.49297759842452,37.89784096872528,30,1764,1230,2529,1581,14.13,724016
-114.6897876133156,38.38041511514934,50,2040,1842,11924,1964,6.94,326543
-120.58629938158201,34.434346934609096,9,6258,2844,7544,1282,11.07,564740
-121.48145065373012,36.25824616411724,35,7331,2403,10610,2006,8.35,446117
-115.62926475297782,32.91131420450336,8,926,1951,11377,442,12.35,632261
-122.10509778126469,37.01488821275104,24,9636,2055,10637,875,11.12,606066
-114.67924570401627,37.649861335041614,19,6897,444,7247,3013,6.47,328524
-124.22796907411424,34.6831250167312,36,9457,1147,7731,2445,6.05,316749
-114.6124165798553,41.61151145182749,50,482,236,3698,4195,4.91,253090
-123.91667448401621,41.09796788891945,43,1281,1647,4429,4945,9.28,472805
-115.40292313847137,39.33536784564008,27,4085,1641,6818,1842,14.51,741727
-119.05188086477355,37.559168176682064,32,3081,2720,10023,3114,4.2,235063
-114.38063344696222,40.72640979228472,14,3170,779,8318,1413,2.79,180286
-123.6090824900566,33.769438555378784,18,9544,289,13882,2398,3.11,209421
-118.78930298461074,39.97869716412667,28,7185,2630,192,3601,12.07,620591
-114.61820254238425,33.71456385942804,29,1147,190,10956,3678,6.23,355539
-119.0980976445317,40.01352233458991,16,4960,188,8600,3386,4.53,247773
-118.03083767312197,35.13497281724527,35,266,2556,151,1615,6.26,315329
-117.36468316259445,40.79342236738116,47,9028,119,418,3717,10.21,542566
-119.78640770973155,41.423436102897,31,8705,434,10284,2263,8.88,466036
-118.04931687595601,33.940170072102134,4,764,679,12568,4146,11.54,560960
-118.48348430829208,36.89377744366536,37,9993,2295,5788,1069,6.08,329709
-115.30237357467047,41.77109122851087,17,9217,254,12183,1334,7.6,365886
-123.89371834137175,37.08886397250731,39,3870,1799,7118,112,2.88,160224
-121.529129576494,40.66598218686187,48,9417,617,7310,2580,2.49,193631
-114.80786869987135,38.07996362325572,46,2451,1031,13034,3442,7.74,379568
-115.4117516097352,36.071854433523455,26,1004,854,4056,3322,5.57,334709
-119.77520620203144,35.22922325749844,48,4831,1760,6157,2319,9.77,540382
-118.12386871807257,34.45232928712008,39,9783,2956,13671,4297,2.08,152550
-121.56509292286943,39.70852098086414,41,1435,931,14632,693,3.14,141953
-122.46126355637344,36.1773461692047,4,6920,2085,10984,4771,13.18,661658
-119.69446801440257,37.35110209930907,30,7106,1023,11310,266,9.15,490756
-120.80234363061842,37.172782766811125,30,6216,689,14690,245,11.11,587942
-118.49009263701724,37.97219566508377,22,3749,1504,10316,3914,12.87,658157
-123.56954424487155,40.68508094032704,11,8138,374,6975,3323,7.76,450076
-114.56707613103168,41.768757223120076,2,4341,491,4531,2744,11.77,640146
-114.44844412542479,36.375367402679615,44,7166,853,13964,3262,8.58,474283
-117.34045639124176,40.32695305702031,12,9746,2385,1625,2805,4.51,284759
-118.96759248190503,39.73420654770089,30,5535,275,13377,1571,6.06,324363
-121.24234273248527,37.93690743319694,36,5277,1137,7143,1130,8.12,432286
-116.17949800214224,41.536403621388295,18,5811,1016,1378,771,5.78,326287
-117.47529902755905,34.42646519112227,26,8289,609,8805,1612,6.03,336610
-122.71732592897729,33.56817621901354,7,3092,763,6225,689,6.05,331176
-115.20429106768182,40.57578210905052,1,5777,547,7974,4310,3.16,165761
-116.09172608105138,36.67239977452357,26,3818,2946,12629,4360,2.64,136445
-114.81400887054909,40.50997691808844,23,1759,2157,14584,3837,2.13,94356
-117.06377613578087,40.94397883088886,26,6883,306,10025,3786,3.0,171042
-118.19131143280467,33.12772595595546,45,1707,626,11662,139,6.14,309789
-120.15083991564218,40.853403419698836,6,2263,2336,7000,2971,9.52,507896
-114.9854060271257,36.75868231102626,6,3842,87,12213,1301,4.04,222038
-115.6547185494159,37.343169721529826,44,2200,2122,2600,1152,13.49,659813
-123.89600455213386,38.43623552938711,8,1494,459,3564,4753,12.41,599930
-124.08527557604758,41.25726032933012,24,4265,510,2359,398,8.53,439505
-120.57030779654438,32.71988244858408,22,8214,1490,13055,3963,11.28,621758
-116.2120445589504,37.02709703687066,19,1803,2454,12981,4102,6.45,359574
-114.43774766167796,39.011464419271576,37,1522,432,14566,2991,2.0,75794
-122.83981441332057,39.34067247194033,18,6156,1882,7596,295,13.71,723727
-118.38492761786456,39.05673018076419,31,2641,618,2759,321,3.23,166667
-120.52585579942455,33.805034567730424,37,1298,1121,355,2080,14.3,715005
-114.61205944594138,35.35731248657752,30,5273,482,1602,4548,9.22,466080
-115.89512601171748,35.915513094174095,42,9897,105,4756,3237,5.63,326583
-115.93317980470017,40.10975412426414,33,9518,2674,10402,3556,8.19,434906
-119.64432067565849,35.16313039942094,10,8688,2365,5530,1515,8.27,451622
-120.18521219652985,34.52273370999038,37,3987,2166,8698,1245,1.81,133400
-121.6049929978157,41.549585859148486,12,2296,1801,11141,3137,6.3,339104
-123.78399001362469,32.62340351291774,30,2408,2097,3276,3058,11.49,624815
-115.66818734239926,41.92949425196742,27,6188,951,1960,3873,8.39,460967
-116.18847386833403,38.9088884222481,39,375,1674,6258,1664,4.8,245365
-114.31283456020725,40.3358961078162,9,7369,2890,5906,1176,6.02,348902
-114.34376615577798,35.31236851961768,21,6214,306,4454,4429,13.15,673054
-118.77346567574962,32.67470676284703,12,1867,721,822,566,8.59,397114
-116.62936635158768,39.483352169664,29,9067,539,7679,2715,8.63,492758
-114.86455207198043,40.38930065777636,33,2023,2843,9574,1351,14.48,698208
-115.8195401975988,39.50788040168262,43,5347,2146,713,661,5.83,340667
-121.86662505849829,33.88422120350089,15,1556,1732,3431,799,7.97,421296
-119.82653688148666,39.62975674843808,2,3272,365,5890,1906,12.46,622369
-123.05323947187898,39.775563379632906,39,3459,2510,3216,449,11.75,596073
-114.77132768632242,38.736866252455215,44,6399,483,10270,1576,5.09,286264
-118.26400667011316,39.749150927606465,18,746,1075,9104,2074,3.54,162286
-122.05442623274523,40.50012074736746,3,5431,2025,10078,369,10.96,585965
-117.6061251285652,38.31401471497448,7,8165,2029,430,385,4.98,302398
-118.14399246580273,33.37377035845468,43,2283,1439,2312,2148,13.96,680555
-120.75404631095027,37.128577688968456,18,2240,469,9508,223,3.24,156737
-123.20988177431572,33.270680239259804,44,4734,1646,13932,4069,5.8,312933
-117.60740511624829,36.37497992201517,38,1952,1634,5593,1691,2.24,144571
-119.12611068292591,36.370872062672156,37,2049,893,7332,550,10.99,572790
-116.59592334697419,33.16115263335967,33,2842,1517,12774,3696,13.53,644091
-119.12755844883559,35.8224012246528,44,1800,483,5714,2413,10.08,507160
-115.79409773680186,33.584492109626275,31,4602,2740,6013,1906,14.16,740463
-118.80885533870416,40.14549332618678,11,3999,1628,6013,3202,3.23,165495
-118.71818276578472,41.457744324325674,4,818,2154,14202,1946,2.68,120541
-115.54839782931022,33.220498032177204,18,1332,1013,11629,1768,12.82,632720
-120.29903202322753,41.52763410061491,4,5691,1026,10667,1828,13.05,674795
-123.00448710635557,37.45744579975877,49,5995,95,5711,4842,12.72,646393
-124.06102192981407,35.35891302954595,34,7833,1243,9532,3107,12.29,666863
-116.76842195303686,33.263272128348696,29,1687,466,419,4877,6.39,310720
-118.12209210441121,37.25087436254263,24,8048,897,8185,2763,4.44,241516
-117.2810391282838,40.016391273657945,22,5209,2236,12786,3878,14.04,720071
-122.21183981845053,39.19368375107963,2,9949,296,10206,4797,5.64,361323
-122.98083038510883,33.01262676787599,44,2313,279,4300,1144,6.88,366070
-124.20397155669446,33.22600627081197,6,1244,841,4891,95,10.94,564997
-120.83010090958176,36.331037589573114,42,2631,686,429,1495,5.46,291880
-118.42722642397948,35.318683548991146,25,8179,2471,8951,2246,12.56,649955
-120.41186978719868,34.72673647995741,21,1782,787,11980,3251,2.45,118608
-119.95775178288176,35.18425233473099,16,1508,1138,11410,505,12.18,600340
-115.27224670728276,40.10077261442369,31,5117,137,6842,1712,9.62,528416
-120.85351511108607,41.28403598467575,14,8993,762,5016,2974,9.24,512871
-119.1895455288355,36.352016355504404,39,1820,1799,10264,1015,7.69,360253
-116.48212375207892,41.0665045300668,28,7703,1277,1893,1578,5.24,329568
-120.36871046549444,35.56527454874257,32,4966,1986,6557,3026,7.76,406190
-118.10424952971215,37.023272041495076,28,5562,1455,11510,3121,7.58,419877
-115.69186836418268,34.66693286944856,51,5392,650,8225,4919,9.38,517006
-114.81681293847727,38.566879556874696,49,6822,1549,12849,2571,5.3,247868
-122.87338225147245,41.752212293794955,9,6293,2636,5803,1176,2.55,168056
-115.0470602433786,38.2188700337682,45,6904,263,10825,3454,3.46,202468
-119.40915241748144,35.9070305315085,22,300,2171,14063,4542,10.94,500062
-121.75722634147846,38.635962166770874,32,6857,2158,10749,2393,1.8,101634
-119.74027700736785,33.6966835843593,5,6075,747,6270,156,13.06,674282
-114.51047294413381,40.9022819452974,23,4471,1292,11392,2627,10.87,582768
-119.4041143363116,37.27401997683826,5,437,2109,12658,3204,11.87,592160
-121.04933383271342,36.76838107259303,42,7426,2911,11025,4433,12.79,679592
-117.99065542266007,38.052987659347615,32,8232,2129,6744,4103,3.16,192037
-121.93893798746694,38.41921614884828,10,5418,1233,7520,4851,12.6,678848
-123.58833218578901,33.21541033659149,39,4225,1050,12772,264,8.31,447045
-123.05604759201708,38.96342805171222,15,6273,286,4255,4489,13.45,707122
-123.06441977686396,34.816577111769135,7,2742,1254,13518,4339,13.47,664347
-122.82489695713656,39.25829427188701,29,1737,2655,8511,4303,1.83,102581
-122.95617518659992,40.280052415155296,47,954,1531,13852,514,6.67,393907
-117.91561756217573,40.10524955606922,3,7596,1153,11110,2422,8.61,484385
-122.52392395263259,37.739034103308235,19,8023,696,10198,641,10.66,558328
-120.87950047542842,37.43479868664417,10,5707,2917,2711,2238,5.36,333584
-115.34624436454364,33.88446279620386,28,4435,522,5791,933,4.9,251507
-119.59142513176076,39.83600727529351,29,740,161,2693,4208,6.65,350486
-117.64772030524888,35.09396227000358,15,5710,1895,195,353,8.26,440626
-122.61990849313563,37.213903928716874,35,8661,1704,9280,4541,14.34,763947
-122.41941825116095,35.215019214447935,6,8126,432,9404,383,11.79,634506
-123.93967909268454,33.79932489582711,12,5331,66,6141,2883,7.3,386703
-122.65389196675547,38.464137927751246,47,8897,542,10570,4556,2.23,148198
-121.55295299611913,33.05126444768352,38,1329,1946,5163,2381,3.78,169308
-122.57281473786146,39.58475165312754,13,3345,1559,14710,4611,7.65,376724
-123.45942656107916,35.52849174340711,29,8753,166,8537,129,12.49,674944
-123.13881585414997,32.541267461172204,19,3920,1628,10450,3813,6.64,337945
-119.72378116895143,37.34972520022233,3,9848,929,12621,2881,8.77,469539
-122.27840946720583,32.98087645924475,8,4267,2212,3449,2027,13.54,754881
-120.69273059507732,35.13875553909467,8,4395,1868,7744,782,13.84,763761
-119.29569060061723,39.19264874695829,20,9444,1622,6660,4026,4.41,279336
-117.41843592056117,33.129909339461754,47,7481,2911,11017,1867,2.09,156335
-123.95530611599536,40.43817521306998,4,2709,1698,5347,1434,5.62,278296
-116.32391959495321,32.57594547221726,51,5216,693,5456,2174,10.89,546875
-118.04588008951129,34.8626126091899,21,6733,1409,4177,1248,14.34,743858
-123.52913931923332,39.51190716839099,3,4927,385,4998,2342,2.54,151640
-115.57927061396796,35.51610210895278,45,881,196,10958,4267,1.88,112666
-115.1044410986606,33.49880737170119,8,4132,171,11491,234,13.44,656053
-123.73677728305717,35.929801175912026,23,5760,130,11046,4177,11.6,651744
-121.57014841260207,35.08440082487839,16,4216,2782,1517,1047,14.9,771040
-116.25573915087766,40.46991899933082,13,7539,2759,14910,2036,6.86,349681
-116.83747270854806,35.4886039044762,3,919,2472,8946,2859,7.12,363744
-122.49740896566196,39.963854559412226,48,274,2160,10734,4714,3.83,174820
-122.24813279369943,40.93251688266902,9,9685,553,210,2407,3.06,181974
-120.63046008797453,36.622221918215146,14,4357,717,8381,1729,9.31,466036
-119.48538922868214,41.10256498366983,13,8711,2546,9054,4975,6.42,359425
-118.14272209383583,36.090562887793645,7,2349,2965,13691,3089,2.58,182799
-120.64610705871948,41.61197789917192,15,9844,1494,13744,4936,13.47,724573
-119.7061514500232,33.38021442578564,7,9947,1395,7491,2561,4.18,272612
-116.84539178113708,39.00485129779552,38,6913,2777,11464,3577,11.61,633835
-123.9817006429784,37.1867901206997,34,4407,1239,10471,3076,5.31,284639
-121.81553307878603,36.18777525933764,41,7341,1670,5232,2795,12.47,636984
-117.18797015771909,38.49381877902434,22,8852,2030,2604,4223,3.1,167285
-115.36212334962052,39.163295232279054,24,9278,1722,9756,2631,11.71,624140
-119.21275848115872,32.581058367409405,49,4136,2558,8389,4253,2.82,184558
-119.00758060793623,34.11102856511114,37,9507,508,5339,2861,7.53,442742
-123.27399300614864,39.24976333646894,44,1275,1262,392,4140,11.41,582002
-119.85797983709251,38.81068674177092,1,4076,513,10131,419,3.84,220157
-119.00252264479157,41.630507023260854,10,4815,961,1834,3793,5.36,289338
-121.91559614350732,39.70136560625987,43,7465,2476,5220,2054,13.17,686195
-121.6467979612682,41.4867711797519,16,6579,1075,10911,1753,13.45,690631
-120.56206700242959,39.15090611944254,46,9318,2461,6493,3374,2.11,122660
-124.14848517431162,35.34467128329716,8,4852,121,13039,490,3.77,248702
-121.1163251775449,33.53148391838056,49,6992,1500,2296,3307,3.09,192882
-122.22706200975469,39.89696255407585,25,9447,2735,3566,2956,3.93,234885
-121.06192658413373,38.60144417408837,50,7656,1243,14479,276,14.6,804703
-123.14758819653471,32.993430376620914,12,4874,1898,2006,2451,8.95,512109
-115.40910610137146,35.92807488412821,25,741,2434,1821,4768,7.82,449608
-118.39033176631735,41.54348626370714,17,2361,2072,11983,1074,14.79,746338
-117.53181271578933,37.248774781132994,26,2451,2292,13455,3541,9.02,465359
-116.42672076438232,36.61198116994542,46,9444,1061,14597,4306,10.43,581739
-119.34564032275226,36.84695328454896,48,4769,702,1916,920,5.99,356588
-123.47732030760226,34.50558643288859,14,2944,1348,8544,3249,6.66,348960
-118.95745032014177,36.009534477837725,41,6241,56,4327,1795,9.52,487537
-118.45811517507038,36.01994273883933,36,4875,954,11811,493,2.44,131307
-116.86578767918932,33.032660739964115,23,1760,2078,10199,4608,4.95,279848
-120.01613815585402,39.76281138435361,43,1364,2663,10202,522,4.16,227240
-123.06909375993254,36.4593067042155,6,5619,665,10813,129,1.71,110136
-121.50088990578081,40.27671273494254,47,2922,1923,5875,289,8.75,447336
-120.7046537441577,40.54177469053822,5,670,2670,3949,4702,9.07,453392
-117.86499089703072,34.534864054714376,43,9808,2696,5328,639,6.68,407820
-118.61938582112413,38.72569626722091,25,1668,819,6949,1410,5.13,249060
-120.77478887198562,36.98417177717366,18,8125,2339,1158,1934,10.3,531356
-114.44538690211849,40.822274903841176,13,1008,1616,11830,2366,3.32,207376
-118.26802081365685,34.57011979105043,43,8563,1535,14313,4480,8.5,468316
-121.96824301097061,38.91822221491752,14,6919,1490,2422,361,11.87,626508
-123.32810397489114,38.25894747039812,28,5273,815,8478,1126,3.72,225784
-122.8152942425893,35.318786903950944,18,8212,433,1048,83,11.67,604781
-121.88058440701954,33.825414503357536,28,1845,2488,8279,1891,11.77,612734
-122.73675901247405,38.67193014609117,51,8449,2993,10582,4531,2.31,150090
-122.47686707852489,39.49020208102523,27,1329,737,4459,298,1.75,116658
-121.48764450631377,35.51005330481313,32,1553,1199,14385,1184,14.65,709590
-122.60932910324065,38.607874803849974,47,967,96,12909,4939,4.11,219348
-115.3464751367507,36.258181840624246,9,4095,2022,5760,4997,12.6,645850
-123.5444531935571,39.25127677168943,40,9074,2716,13170,425,9.08,485277
-119.08390564871465,34.41461573675304,32,3654,513,7354,773,5.07,287196
-120.2296158570238,40.9169231748064,20,7529,1922,12922,1963,3.25,197178
-114.4869186862376,35.244524302741105,28,1990,172,8501,4347,8.21,429770
-123.22512942223275,36.0008661447854,33,9869,2231,2193,2542,7.0,424659
-120.35552978558076,33.086645269076094,4,1085,1692,11830,1992,10.93,567754
-114.6165168499153,33.58932991794321,46,7934,890,1663,4054,13.71,703562
-115.66030845602444,37.39426050452301,34,4106,1635,8317,2394,12.37,628195
-116.14659640766924,35.05804708801021,48,4692,2946,274,1381,5.21,293145
-121.7606556164688,40.40186892423405,3,9930,2704,13927,4638,13.37,734027
-122.63428862260373,32.678264787243116,26,2273,1853,1434,387,12.75,641045
-117.63682207195872,36.10727499800292,8,512,72,421,1915,14.04,708517
-115.01906506915904,35.714421595097164,6,6469,615,5798,3187,7.69,420676
-118.76010055414014,32.72187300693462,16,5517,1959,13546,841,11.88,628202
-118.6110085977222,33.7103066345948,24,1010,2863,12442,3661,9.49,455971
-121.53900989965075,36.43237757098436,48,7041,1014,12339,3750,5.69,291404
-116.62429095075295,37.177855739650475,39,2232,2332,13954,1566,14.92,711975
-122.47208076448246,36.34436652166832,30,9899,1045,13997,4003,2.02,152606
-121.1002604665014,37.536123553857806,45,7329,1237,11519,3958,3.69,193861
-120.07861815629117,38.14018906086247,13,2905,1844,10164,2723,13.55,734759
-119.25359179800807,32.63338315681293,5,8988,875,14582,2172,2.32,174022
-121.9162062865526,36.907135450457474,25,2347,265,5704,3835,13.47,661597
-123.1970382796184,41.60652785675221,20,815,706,6842,108,11.16,584777
-118.219374773886,37.424093756019055,18,1147,1163,10359,2483,2.0,128484
-121.45214924546782,38.91567273678875,47,5877,2037,7536,2112,7.3,418759
-118.51436825691697,35.474638902997874,18,4851,360,8624,1304,11.69,592593
-122.80019833864701,39.8232588684175,2,8066,606,5774,3738,9.37,523151
-119.51935337737763,39.813191144454244,10,2213,2354,5102,3798,14.13,742278
-119.00280209718207,37.445395808425445,45,3897,2630,11283,4180,13.21,711402
-123.82969169030282,41.724290077057404,50,690,1606,1010,4307,5.99,272475
-120.97049304693303,33.72142752091657,47,4550,101,12788,3079,2.64,150397
-123.00047664353269,32.699477526610956,12,2628,1411,1049,2896,14.25,708759
-123.7137152964534,39.78718877263427,47,5187,1244,5525,520,8.48,487217
-114.41079926680496,40.135333606603545,13,8933,1698,10367,4085,2.5,179486
-121.11356739645377,33.67115002602462,50,9679,2397,2614,2949,12.52,692219
-116.21886056361947,35.03913445814048,47,5120,721,11623,1496,13.22,696127
-121.7934078261718,32.70516773927998,11,3126,827,7801,4493,10.13,529635
-117.50771266887175,35.300034027445115,19,9744,881,11321,4839,7.54,408454
-116.71731228670755,39.815265033574704,35,7482,2329,14298,962,10.44,550479
-118.36978704429724,37.41400856577537,39,4576,1910,200,4292,11.04,576310
-119.6153750669564,35.81557953171359,26,9690,1579,4746,1761,13.56,713478
-120.21511722196142,36.03806676506857,46,5068,2125,7045,724,14.4,728676
-120.84736260390832,32.55273761798255,14,7186,2022,2500,1489,8.44,453816
-115.01752739175183,35.36112296438887,45,7062,1124,11663,2784,12.28,637207
-116.0105811458112,38.623176758812924,44,4623,1766,5901,3680,14.52,750111
-114.66112981690821,41.707169716311924,24,7070,1333,2443,735,3.54,203492
-123.10205587620513,40.51084238191849,41,8359,640,452,1176,1.75,115597
-117.01209054895541,32.76202861731443,1,2273,2882,3055,4266,13.23,654312
-114.92906181351678,40.99545528999024,51,6370,2717,1118,2516,4.14,238971
-122.53042001569676,39.90989706914007,43,901,2036,1279,2447,2.07,125770
-123.68237747563755,39.883339322802925,22,8313,2683,5293,4187,3.66,237582
-116.9091486811278,36.849740092223605,23,7025,1051,3636,3488,6.69,339086
-118.58228994367369,36.28522980670187,19,8067,2281,11942,4174,4.46,280530
-115.89803908134695,35.39043700832034,18,4464,1096,2602,1015,5.62,316196
-122.94668533867205,33.15818862276058,12,8168,2226,3919,969,14.67,792085
-116.3655161889267,34.68769477047571,28,8346,2388,6955,4963,11.01,613902
-122.32566170672064,34.86054020514321,28,7976,1905,1079,2922,11.11,580826
-122.70689433362833,37.095165225973,33,8758,550,13743,1558,2.78,176793
-122.70077138877282,39.57345186607489,19,8919,2283,13126,1262,11.38,649404
-116.17166980887693,36.998550485224676,28,5086,528,1076,921,11.48,634050
-117.67141990421015,33.08431626929778,49,4135,1644,9663,4440,10.41,539643
-119.09842313531804,41.552802027299,37,4819,2589,2380,3304,4.58,265157
-120.74734193940003,41.4110358426756,26,5391,562,5997,913,7.21,401266
-115.5429065702364,39.928633601026526,35,7075,2564,14537,4003,12.92,716527
-120.40985112147673,41.86839555371932,34,8056,2382,13340,3158,10.55,574685
-116.15134162770536,37.663578751650476,35,5601,650,12868,3105,11.39,573259
-119.941085517955,41.59965017588267,40,3222,1490,13625,4044,9.43,478089
-120.56547792857393,33.25144343220362,16,5938,1173,207,2732,7.57,470860
-119.70469495187714,35.98105584113951,38,6184,238,9264,4740,11.75,593247
-121.324166143392,34.660837731943666,13,1970,1038,1726,663,2.42,131855
-116.84400182303044,34.382789321703484,23,9189,2987,8995,1922,10.59,621715
-119.30268728347151,33.86495574908008,22,3415,1931,14770,3204,14.96,749080
-122.01858454072595,38.39691236713603,16,6894,437,6329,4610,12.03,581432
-115.31827128432333,39.892238662582145,28,3176,2338,6977,3423,5.42,236020
-120.49573213741296,37.981787938545594,48,3937,1855,974,3241,5.25,266300
-118.89272927441556,33.922919097225055,35,952,2083,5643,617,10.51,495001
-115.24902000591595,40.172674675073964,45,1592,1804,3909,4183,13.59,708203
-118.08265052102352,38.52433379441069,46,6989,2514,10703,294,9.3,505307
-123.17634367128802,36.19263929465503,8,877,2273,2207,70,8.62,392708
-114.91408547892071,38.883566080994356,44,305,436,11845,443,3.67,153117
-118.04781114716296,34.98570585467506,22,4953,1544,9565,3864,11.16,607567
-120.98754762884285,35.78825868193052,21,2146,902,659,2105,10.98,563593
-122.95170839045959,41.17354178387203,26,5744,2760,8408,3565,14.55,784892
-116.37798709972623,35.27364739836807,40,1295,501,5069,2425,5.55,306355
-118.12446953047773,36.96258960336618,21,7185,2374,13355,1960,11.71,598414
-118.99405063655773,40.9162281028965,25,1982,1808,3146,339,7.36,395549
-115.37531846616838,39.199657906017435,41,4741,262,13956,2608,9.04,486962
-116.43248399930572,33.12533235820985,1,3457,90,143,410,12.52,604050
-122.82718420748317,33.92612164666511,6,6413,1195,608,1672,4.5,229825
-121.22031043933269,32.61378936916373,23,5069,2391,6207,4364,6.13,380598
-121.85516903626277,38.47697404605643,51,1761,649,13576,4144,11.94,587252
-116.88077922257033,36.752606933112034,23,4206,2074,3539,2503,9.2,489260
-124.01333435525277,33.80352634699041,43,9514,2638,4028,2065,2.75,181256
-118.62830756389198,41.55416007914421,43,4181,2080,5511,2090,7.31,390079
-116.69491479516347,37.52409800232829,23,9693,1832,13236,2094,9.42,516975
-115.54727300691204,34.81621589760229,32,5882,1901,14267,2850,13.78,737713
-120.91549924289228,37.250679604565796,30,5982,2548,1016,3020,4.04,250689
-116.10457666109299,38.93522733103737,13,1143,1829,11237,881,12.38,627073
-123.23925736096972,33.25741104113124,43,4750,2887,898,1843,3.26,168660
-115.85161899098544,35.12496289960066,18,9337,2431,5071,3742,4.77,273809
-123.0700138301869,40.13354526921838,23,800,1954,1860,1841,4.79,211981
-120.36123560277392,36.865446430489044,15,6576,2988,10625,2891,13.35,693691
-116.34515452757329,37.683290906523894,33,9809,2141,3375,4740,4.19,223216
-122.8448290294183,36.61279858079111,21,1724,193,918,2204,12.12,618996
-122.04831599186427,32.95309846027068,39,3966,382,10460,630,7.73,412249
-117.09858421333361,34.09970542810767,23,450,1047,5140,2903,14.99,771855
-117.12083317307741,36.7325468205612,27,9936,1469,12027,2286,12.83,666778
-117.91287776583161,34.5084352294886,45,278,104,3165,4226,11.49,552846
-117.38275761755031,33.010302659687575,44,3323,1380,3359,2205,13.25,709609
-118.90104658879014,40.47874333872766,18,9289,2967,1006,1394,10.06,522070
-121.82193744857419,41.77302169943433,24,7264,1496,12400,395,12.89,721844
-120.87921222522064,40.00347444430932,51,8617,1490,702,1936,5.03,276107
-122.52675892331368,40.57411611324092,47,1409,2894,4395,604,2.82,129706
-115.22915636421037,34.8170047962834,40,5353,2422,10925,3820,9.82,534621
-118.49274638054816,41.57949983957921,51,5098,1783,10083,4447,7.37,404977
-120.32545177569305,34.39307087890676,42,2378,1744,3627,249,7.26,407720
-119.71146173141291,41.49295451550485,7,7810,129,4643,2990,8.61,431723
-114.83927527029738,41.901249556219604,50,9095,1034,1911,3540,6.38,375147
-122.81035191271455,39.23731160207032,48,2744,2655,12203,356,9.95,510300
-118.46425248655136,41.772562516161045,20,5722,914,9132,3125,1.91,102575
-119.27087766399995,37.89936932572645,27,2570,2814,11434,1706,14.59,779979
-118.21099947623614,34.98228817968701,6,3481,1637,12977,2742,13.98,721111
-124.16817375443875,36.652131284113494,27,4910,521,8063,1814,14.13,729793
-115.59387595420073,38.12540840191438,9,528,2171,5349,325,6.43,333220
-114.99153244386453,33.22769749867421,45,5779,1626,10382,3411,8.68,428327
-118.67606283676434,38.396250120048286,31,4428,1552,4715,1451,14.38,716167
-117.355625728276,41.772883443933196,21,6994,638,9328,4783,13.68,712317
-115.08810621297995,34.32891298446488,26,320,1460,9016,1825,12.17,616428
-117.24932411149348,39.99832004427369,40,6949,1955,6866,3431,7.0,410237
-122.81850800914081,41.08332764946622,48,1164,613,9279,4100,9.12,444121
-118.5640648639252,41.42023198843828,45,4424,516,902,3510,12.2,609854
-118.25858093431613,41.57487603745526,13,3875,648,2682,1930,5.19,288903
-120.09172806012404,37.446935200369055,49,5894,1694,6545,3885,9.96,524752
-116.95609987432778,41.73646741420005,23,2276,1041,3937,4328,12.68,606954
-114.96895517171909,39.666289049135074,20,7065,1982,8818,1894,11.05,569457
-115.05729213041597,34.061328214989814,37,5843,2834,1765,3427,7.97,424079
-119.82357271110251,37.0276300018636,28,8724,2345,9430,121,9.39,510035
-123.21309001975881,39.29949636025056,17,5449,1654,8751,1726,14.85,771542
-114.46219436241816,34.86747237185757,28,1516,116,7075,1345,9.63,463073
-115.92746321208283,38.568188877195034,41,1396,2670,2652,1093,12.11,609859
-123.0983866807192,38.81271050782869,2,3370,2800,7575,2675,11.31,601291
-115.10474749852159,34.071004589238605,25,9821,519,13319,3092,10.97,539852
-115.61624052489623,37.85745279018044,50,555,2590,14374,864,11.17,555627
-119.14086590645424,39.8010092323087,41,9918,1774,12712,2244,7.63,397850
-118.41359462512091,37.234608203283216,6,228,2760,12966,3550,7.9,395495
-120.3440128531439,32.65389032886317,11,1213,2383,2908,359,7.82,366969
-123.8001931462268,32.62505199403614,38,9219,1681,11190,2111,1.95,146276
-120.98461969387515,35.899646126757816,6,2224,2409,5733,4277,4.75,281152
-116.28935137607597,41.25548618394307,45,8690,2406,11535,1927,3.59,203360
-124.30349448903378,34.69184849606996,11,6039,824,12360,2852,13.47,687006
-121.00166831622091,38.509362312282576,14,5991,1186,14937,2536,5.21,281057
-120.35238631634692,34.629733943224146,2,954,2061,6196,4885,3.37,179643
-118.95454814650326,35.56691460269635,40,9161,2553,14769,3795,3.12,181424
-115.11464961121588,40.520076063149965,3,3935,1536,10623,844,10.95,559570
-120.87268621656574,39.3985861717602,35,1438,181,12862,4064,1.58,72800
-120.86658985296187,33.43770719951731,33,2106,979,13465,4403,7.86,394199
-116.94548746897813,36.574086017482344,24,7599,978,13869,3457,3.1,199603
-119.80973187346633,32.814487475901934,19,8161,2218,13990,2506,12.97,700326
-122.09496757768258,37.06517627953431,18,9956,1270,13831,1901,14.44,742243
-119.80750725802775,38.77350405010705,49,9610,1555,11977,1024,14.44,776580
-122.9357955153868,33.65510968805861,24,4801,683,8923,1097,7.47,460420
-122.57907465547751,35.25840727513525,45,9749,2994,13090,4416,10.2,589629
-119.34638756169562,36.2836426459753,35,1660,2869,2556,4287,9.6,475462
-120.14398848697434,41.19278694201343,1,7869,1112,9273,3839,6.23,353483
-115.16494715327627,41.88652969513009,36,1616,2663,5523,3071,7.49,381908
-120.71156525286901,32.96261532354875,25,7966,2609,14346,4419,2.37,167519
-118.52089296320844,39.701084560091644,45,1628,1234,12946,4079,12.24,611695
-118.00206654928792,36.03792346484605,49,4578,338,4417,514,4.75,255007
-124.21853165585313,36.23303153241941,43,7729,2297,1656,337,7.72,410028
-117.68808478495222,39.63763339919549,34,4674,1861,2305,3245,7.99,444778
-122.5625188926277,41.182392726488295,25,3271,577,12735,925,9.07,476074
-114.70085401260667,41.488238074268985,16,755,966,13570,2042,12.54,637146
-122.85742621335874,37.9707235346206,34,8747,1758,13276,2975,10.84,610102
-120.18717379778067,35.90051010901773,29,1763,1456,4055,1170,10.45,555978
-123.49308933249041,39.95083689793111,19,1240,1291,9213,496,8.61,457589
-114.34138251146669,34.901923016498245,23,2886,1160,13646,2882,2.8,178493
-119.30796209627432,37.847936611323405,19,2753,848,6905,3618,6.93,391518
-118.37233442610676,35.914223322949056,25,1979,1573,504,2946,14.42,711562
-123.67655216702018,38.71889840359111,16,275,61,13668,771,14.94,742401
-116.82039687719225,34.8021537703279,51,4526,882,13064,2213,11.36,604808
-122.24254784532032,34.34288961936471,9,6035,2938,12976,2632,4.57,240964
-115.33353493401523,41.180629805615865,1,5257,2740,1720,1401,2.88,163019
-122.29039800956065,33.49797265655514,42,2549,1291,14993,4030,7.1,371633
-122.43549528453678,37.301063911785704,19,2973,1722,3052,4552,13.06,663262
-123.98304133480512,34.618224687681916,33,2462,2203,8180,3434,11.25,576130
-119.6104478710956,32.90633095489453,34,3429,740,3218,1775,13.43,665737
-118.67899502204332,32.87893708012232,16,592,577,7480,743,9.81,492704
-123.69028526013933,34.18883687551583,44,1308,1545,14914,3463,3.26,172220
-116.5637027283821,40.696309035901464,40,4562,2943,6730,544,3.05,207610
-119.7989800991298,35.19812498082382,18,5388,942,9886,997,2.15,129067
-119.0851216959511,41.48382079511354,34,9002,436,665,72,9.16,490004
-119.92474202074018,38.01306577702832,25,5257,1299,14959,1178,4.78,279543
-120.32633886881172,36.64853952572409,45,4198,2578,4899,607,11.41,527995
-118.73121107366549,37.99863593423957,6,9064,1827,7770,1666,10.76,576973
-122.79138793085565,37.40213180497918,21,6766,457,2968,3780,5.79,313055
-122.52344156982747,39.68008454785643,6,3877,1726,9149,1706,3.89,219103
-115.69767236502429,35.19828798080454,32,5996,947,9576,4223,2.88,198904
-114.85100076017832,35.86220418495885,41,6563,760,8876,856,11.45,636340
-120.60197446455128,40.95342738683789,48,8323,2736,4427,3362,7.58,425553
-121.63172348163872,41.446155788745315,43,8422,1732,6513,4913,5.87,304576
-117.88424458588028,40.93897292064773,39,7890,2912,7714,503,13.06,682166
-120.2463089221751,36.48700562313832,31,1600,967,1345,3025,9.51,475408
-124.09512098917013,39.88323938329476,42,4271,2300,8343,2374,8.49,453199
-122.78222792244344,37.02231925036334,10,9008,466,10455,1497,11.54,623164
-117.16163882237213,37.22185000869482,30,2986,465,637,2611,12.51,626664
-117.73440362322208,34.46603982622904,18,7369,1521,640,2561,10.76,549812
-124.07795623526502,38.10253615366264,24,1070,1585,13430,2921,7.44,359978
-122.12139949419318,34.291538797859005,9,4396,134,914,412,6.62,334873
-122.03000904225576,35.66002381822229,31,9804,216,1515,3504,11.92,677451
-117.60419685426876,40.58583419724359,15,2939,2481,11130,2848,8.49,423801
-124.15210620094618,34.48858336467415,4,1140,2565,1752,4670,11.01,557402
-123.30474983687488,33.209599463482,40,540,1145,10957,3503,13.52,698068
-116.31884250285319,33.1893614464866,9,7622,859,12806,3305,13.86,735007
-122.55741159297449,41.39278233793425,45,4333,1594,4162,1267,5.25,262444
-117.79642907716718,37.31012132122086,9,859,1866,2456,1535,4.04,225996
-121.95864487829087,36.39256759579814,26,9952,2570,3910,2153,5.03,308343
-123.35160841669617,40.17036744728451,4,3657,1042,9155,2586,11.64,556575
-121.90855120236547,40.40512198163796,17,3175,1331,285,1905,6.5,365789
-117.09844000416918,35.66591762161784,16,9441,324,12648,4867,3.84,256672
-115.75880746021289,39.06694592082842,15,653,1823,1651,1257,2.83,151535
-116.0145925597474,39.796265697166255,35,8384,2587,13684,1498,5.92,370615
-120.3622773626307,38.70026296340863,5,5642,1806,10499,1557,3.34,212219
-117.64242522883072,33.96650965386893,5,1018,2423,7113,1053,3.61,208148
-122.29195767402516,40.78205981589551,20,5068,2626,861,975,10.73,582568
-121.40679678817942,37.61287974124584,15,212,941,12611,133,1.77,104700
-115.35078838204797,35.19806553214173,18,7927,138,9571,3792,3.09,158317
-124.2194606879522,36.5413972249687,47,1120,2583,12567,3977,12.9,617170
-123.49149435022113,32.893543960653716,2,5120,757,6263,1592,12.91,688116
-122.26282199833388,33.74322659950295,29,2618,2447,14035,1035,5.94,334723
-124.08361667310685,39.743794922354255,13,9706,436,13019,4281,2.69,168926
-122.52838823169843,32.54010948304799,4,6675,2184,7735,958,11.02,562099
-118.49626272786429,36.45988444601837,42,2217,2404,11986,2958,6.36,334338
-120.11889751205132,37.456820804015386,45,8157,1923,3381,4735,2.11,117243
-115.38757602078718,33.05410989220915,10,9620,1227,1636,2787,3.63,226222
-116.14286664014605,41.696665513569656,31,4992,489,6301,2636,3.35,185357
-120.91815378895332,34.667839367059415,41,7030,2837,3264,1193,9.45,503160
-121.74538872834982,35.402509951777404,8,2634,2361,2870,1381,13.62,731858
-120.53788822200063,35.40009904031981,3,3068,1026,10255,3398,12.21,613160
-118.42343877715133,34.708220790524265,48,1638,784,7499,1603,8.88,453258
-121.65864104613831,32.55386866583219,46,3743,2518,3945,2392,7.2,352471
-118.08354496519469,39.40313451236805,9,1981,2590,3535,1856,9.85,521212
-120.23950701199995,41.63801615311128,30,6543,682,4810,2150,7.49,403623
-118.80744630424611,34.650601677712274,11,2463,1042,661,855,4.82,276881
-119.97128964748141,38.77927407487021,35,411,2508,10713,4197,10.67,486412
-121.39356377419914,39.52124443668151,37,8899,222,4817,2825,13.29,707832
-114.82752879809995,40.52368281724184,42,6359,53,7723,121,6.53,360937
-116.683397826636,36.51694074389806,13,7227,2951,10427,77,12.86,697365
-122.94326371530481,35.39057982207644,36,531,1713,7287,518,7.32,355815
-115.63058152198495,35.601027211156726,13,7060,2065,13401,4033,6.92,397036
-119.45619076957487,39.24576674445701,12,8244,1545,10353,813,1.88,124671
-115.36869564198332,40.225894779818034,37,8369,1110,2280,1474,10.89,588220
-116.31945323028896,34.24898743658963,10,8942,2680,2060,2298,12.4,683149
-120.08085641512889,36.03055488676457,9,5920,1104,3979,3882,10.46,534004
-124.12440814446602,41.02725725140951,7,9333,430,5253,4965,3.54,238476
-121.65247931177514,40.1309860203275,2,927,1341,7135,4110,2.89,155833
-118.9119924848049,41.8075175699949,23,5175,2441,11571,4120,9.23,480701
-117.98987867294548,39.63747612360838,39,3443,1642,12176,1725,6.92,349850
-121.76080763825064,36.23996684167275,40,848,215,3370,609,7.29,326723
-122.95086501630884,38.097902017889545,39,5295,2797,4787,4524,14.57,753369
-115.96730042253503,38.76014413246729,21,6814,2439,682,3881,11.27,590929
-114.46660210573634,33.27826923154414,23,7335,1092,9905,1968,7.06,402457
-119.07207056968103,37.66371638516737,29,1209,1701,9393,128,1.76,104804
-122.62633997008302,39.21470899592726,14,1750,1257,388,4979,1.96,128152
-121.61603444174553,34.114493470649975,26,9195,594,5764,3697,10.74,605109
-124.16535760746343,39.88574446097449,51,7692,2289,8079,1081,12.81,742070
-115.17043998213259,38.03330186463779,5,3601,2417,3959,2122,11.05,580778
-123.16777912778298,41.50040700341437,31,7647,2677,3160,4595,6.98,370025
-118.5617745858369,32.93919382612685,25,5624,2572,11218,1534,1.92,140643
-121.59848558430045,35.036718954396946,31,4441,2734,13831,2295,14.56,782323
-118.78605285474143,38.20062200421135,50,3361,2524,12394,1600,14.82,767302
-117.80973930094729,35.33062877385781,20,4355,146,1283,4835,8.92,425289
-116.01939229077969,39.26273138391039,44,7678,2593,4435,4732,2.45,171997
-122.27753043152354,39.68223970853137,17,8919,2758,14374,1879,8.8,471997
-124.23960188026885,33.504675221865526,45,9415,1351,1546,3801,13.55,698136
-122.97566827410917,37.37537050818568,2,6817,2106,6779,4772,10.68,571818
-115.31381283584503,37.328660128111835,25,5860,506,10041,2081,11.22,559783
-115.57614362127235,36.014932047728244,13,8824,1868,6313,4509,2.65,197082
-118.3519724542101,41.318822956780615,39,1376,322,2003,3906,2.94,168497
-118.32081072124612,40.326834470007014,28,8156,1081,14651,2232,3.22,200046
-117.6730317875556,39.10074028376968,42,8792,257,11467,4519,13.71,718458
-122.58927236262056,39.26181364226633,6,2433,1987,7994,2144,8.6,438483
-115.1693040629134,36.88474891328145,3,4900,1710,9369,3953,12.19,613781
-120.14554393008359,41.20655844351878,35,6106,1196,2477,3082,3.06,181989
-120.50328917637505,39.07614297045342,18,8060,1106,947,1598,14.02,684410
-119.14006623896032,39.399711790181236,11,7726,1586,7470,417,12.59,669904
-123.87846169357844,40.648511404638924,20,5759,253,13699,114,4.53,257579
-122.68051497768896,35.11901365571002,5,6932,2615,14480,3349,13.3,716562
-116.94014249107924,40.134537205385676,19,2713,1882,11168,4899,5.06,272561
-123.51870137403172,34.37721407382059,22,8030,2614,6441,2085,4.27,273196
-118.29435282095746,35.7896677706244,19,7144,492,1339,2913,5.07,300160
-121.88669493879954,35.69809437467922,47,8110,738,5700,1926,13.78,750280
-120.44147203501855,41.747924657541816,16,5849,2947,9624,4901,13.86,774673
-121.45151488282217,40.600015275467996,24,1296,882,11798,2278,5.94,311880
-120.77904592669191,39.13800839756435,41,9320,2436,10671,646,11.02,601280
-117.13077911195018,39.38160412680082,4,2151,1511,4891,3656,10.62,565495
-121.36689797514332,37.829104995328194,15,9946,1209,12414,2724,12.39,659865
-118.66329741141915,41.45212317749117,25,9386,436,11529,3939,5.5,319546
-119.57045396192103,37.20979486462302,44,7999,2091,2465,3556,8.39,467914
-117.68674149975901,36.12067164987571,35,9004,2603,10704,1884,10.51,571968
-114.94422941717943,34.07416252052627,14,795,1398,11466,1445,1.85,97833
-116.99497614400909,39.93819518777656,49,8075,1768,5155,1636,6.59,387870
-122.1919985989488,39.451117400831315,19,9233,729,5722,161,10.89,556743
-124.0369213239847,36.15678091251211,38,4639,739,14256,502,4.91,309364
-121.71686899522976,32.777070025356345,36,6172,2982,472,2853,14.43,762078
-118.37541757576945,40.434964853826486,7,1058,1618,7883,2681,1.91,92784
-123.83368483261812,32.64744322430283,30,5719,2720,2049,2236,14.43,782656
-119.36648287809959,39.16181492630937,19,7585,1219,344,4398,4.43,261495
-118.35769779687443,41.670119402522204,49,8836,942,10132,2054,2.16,154777
-120.99419133619772,36.658393097874594,25,4517,1002,7895,1509,5.45,290790
-116.61004147439195,34.75109974101191,16,3654,1304,5872,1992,12.11,653123
-123.27975353853692,39.17283620450822,47,1230,833,11719,3543,11.66,588962
-123.59561667137247,40.229175816366656,40,9687,2096,14913,1907,4.32,253266
-117.03898488771583,37.68190927429254,51,8106,1921,224,111,4.16,268505
-119.37526718528977,41.63980194016034,8,1647,544,12924,1544,10.17,540394
-117.43843993986553,33.02620267080141,18,3050,796,11045,1230,7.68,431382
-119.98433352041839,37.29012658004561,28,8306,2534,2019,4951,12.2,664201
-121.87612358627936,39.3006516443052,16,7351,1904,9927,2838,1.83,151180
-116.12621273055103,40.657446833513774,19,9703,2442,9717,1925,9.74,530329
-116.32386457515145,34.2267953080523,42,7152,2647,9832,2258,11.36,624275
-117.37524743262155,40.068032763396246,17,4255,2917,630,4686,14.91,781625
-121.61766282221117,37.740973582511515,45,5602,2638,7949,4771,10.66,571619
-118.42408410463436,36.27157014752555,13,9481,2241,7029,155,4.63,247762
-120.72582207472213,33.77943841892927,7,1872,2685,4449,1204,2.96,149596
-123.43051598380059,40.68243309133287,27,4732,706,14556,3478,10.15,530245
-115.14017170235908,34.01994088897112,10,5124,1932,11395,4137,8.56,464251
-122.97634094557363,35.45510375515762,34,6285,2442,4856,1758,13.64,761439
-114.80961696763914,35.269328455766534,36,7934,2793,1901,2873,11.31,622354
-119.87210203950212,40.74000606173594,25,5064,1846,5256,3975,8.38,428119
-122.49126539446026,38.87013517550573,6,9516,317,7956,1958,6.95,385475
-118.90931448832129,40.03677194757081,24,1421,2266,5561,2099,6.96,382902
-115.58562380780086,34.89690292763741,18,3060,1812,9328,4514,4.56,232815
-116.99846214044801,38.42006527730186,23,8628,2130,5402,1324,1.73,150014
-116.25212607547104,37.92012970138268,6,9536,426,12020,995,9.26,513024
-117.7358149982244,40.37693384557763,29,3453,1635,7532,3954,4.37,232437
-117.39954329224076,41.06627923912866,25,3982,1513,14523,2277,4.31,225228
-115.8240756582842,32.65439521960221,17,7157,2490,12303,3846,3.19,134356
-121.84333319105377,38.88252743834324,46,966,538,6289,342,4.06,218625
-119.43617336502287,33.02777486971665,24,2881,771,11755,4729,1.93,89862
-122.12905720413119,37.70476003837792,11,7910,995,1242,2272,10.6,541182
-114.43381319971367,35.24662398030101,26,7682,2136,7176,4023,6.92,389365
-114.8716442295464,35.426767801503345,51,5286,1685,13942,2541,9.08,501020
-123.9541548138602,35.86133951748668,34,8164,1090,7714,2525,10.1,511883
-117.26602526794248,38.386361945556835,28,2865,2323,10047,4910,14.63,765892
-115.06050689314672,35.68341017694312,3,3713,2164,14353,3779,2.42,121500
-122.53702353492157,39.43469806605454,11,695,1727,4940,477,7.14,373453
-118.6478298852516,36.346602698250116,38,6022,2932,1729,3022,4.82,282688
-115.15849749221606,33.18320361491671,14,2272,1048,5162,156,7.94,404227
-124.00918237499857,39.91518011777545,51,7995,1827,862,3669,13.93,737072
-117.34790051684173,35.228985834417365,26,8729,2334,7005,4804,11.27,599220
-121.36461596597958,36.61233633702906,48,4149,1006,4989,3383,10.44,548015
-115.06906219841963,38.990026941118096,21,6233,1639,4939,4042,7.46,409259
-114.60057521853972,35.66841243876938,39,8528,1211,13457,1275,10.56,552162
-114.86956444930112,33.072471024340594,30,2755,2570,4057,4054,1.94,83618
-119.58888926475906,36.058597052390574,8,6570,1918,13919,4300,9.41,523517
-115.6950917840673,41.427261163153396,51,4615,602,657,3418,8.98,476155
-115.87072403870789,38.57872067857944,20,6159,1683,14382,945,6.18,357191
-121.1462312486377,38.85861878895842,48,9307,744,4721,3955,4.22,244126
-116.0276886395272,38.48977506573019,32,6193,366,939,1670,12.4,634476
-123.97844334745645,34.4125160276083,22,5221,2695,8294,3913,2.23,117368
-118.36345042004018,36.476521661202455,7,3107,817,9343,2342,2.44,133919
-122.04071127363146,39.606343502598826,9,3114,2983,9696,1435,7.45,392718
-123.13950846679612,33.493918965975226,45,4070,2658,8448,3949,4.91,254973
-123.57738985564274,35.15459462300419,1,9390,2021,7098,3642,11.56,656246
-117.35926069018348,35.14016281066368,29,5285,2355,10229,2483,10.06,516582
-120.93765536376861,36.6052981086643,8,6746,1553,14342,2856,11.93,635205
-117.07334161385124,41.765269852265966,4,595,2854,610,3433,5.88,279314
-123.69382233837861,33.175198964294765,35,1138,172,11696,1351,11.5,567227
-121.18448500818067,37.420976357121404,3,2710,2439,13074,808,13.14,668823
-118.9335074245516,34.2278216577349,45,4836,1918,1237,796,6.16,315527
-116.41113942501681,41.674066292305696,40,1849,1721,13800,642,6.09,315533
-121.14972487056201,33.60618597948544,7,3890,1132,5706,2936,13.65,710755
-118.06605058057242,36.33788543222258,27,3635,1778,12206,4161,2.17,148542
-115.45478340770867,39.483497707293644,1,3401,2357,11613,1118,6.23,306906
-118.16673359064966,39.169857167738265,27,4379,2046,4766,3357,3.1,180251
-122.01108687347352,36.5178764731719,16,8605,2192,9006,752,1.89,136286
-124.10501615317236,35.80079242043508,38,3437,1198,5534,4758,3.02,131221
-115.61420730603467,36.28153248218251,7,4062,2138,10578,154,7.32,363734
-124.1364551150621,35.0268396363228,44,258,1964,6546,1547,10.77,549288
-115.56799520625064,34.472182953230984,23,5138,303,2754,3883,5.41,269136
-119.0394711743668,37.085403554029156,41,3171,56,1090,445,12.97,662886
-114.92176030693052,35.06690264459618,11,9919,2825,7920,3567,7.41,377646
-116.3302163128324,35.24501426668312,42,8514,2166,12721,2703,14.57,769010
-114.33074153024529,38.72007455729558,33,9828,591,2260,3341,14.38,727069
-120.82885337286483,41.65393629129599,50,9554,138,5840,2060,11.94,632678
-116.64742957913148,38.22022605726372,36,3545,1988,4557,3931,14.09,713470
-120.3146136273632,33.26437678508133,37,2686,262,14268,4996,11.05,568390
-119.53204877214876,33.25124180636677,41,761,2931,10436,2038,13.59,678253
-118.04984514928756,41.49289250815678,17,4181,315,14369,4587,4.69,230686
-115.57828177356916,35.33750633679201,35,6461,2390,2163,1718,6.16,315960
-114.46980196923909,33.406350339036095,48,1937,1280,10895,4812,11.66,560402
-116.63653492480023,38.17700956508509,5,9296,2430,2077,1101,7.23,412109
-120.15562150703997,38.40853500371141,48,3754,1054,8667,2891,12.8,662017
-120.11957569713822,38.642430357316854,32,9326,2144,9033,4773,13.35,727518
-116.94467369204753,35.05625308213946,3,7295,671,12777,3634,5.55,303972
-121.95267745648624,32.68219153845821,47,8466,476,2767,397,12.62,638643
-123.2408399041608,41.620794626566585,35,494,259,9532,1313,3.58,175150
-120.7895935372866,34.90090355995328,14,8412,937,11762,4715,6.01,342780
-121.46612052379302,38.901407370574475,48,9430,1493,5019,2792,8.49,448355
-121.37506647062186,39.189387075558656,31,5530,203,10659,2123,4.56,234253
-122.0045781794589,38.28016979471796,31,4855,464,10535,3198,9.32,499293
-123.92738437605092,35.48445857955043,17,1309,1230,11841,1401,9.31,474057
-124.17054569527652,35.09101574791986,24,3971,1334,8709,2871,4.29,257012
-114.43326720705025,38.16405854023244,23,8763,818,7742,3877,12.24,690257
-120.05515773729194,40.68995991228602,18,6323,1032,8898,719,10.03,503058
-120.4913604625168,41.448764389169156,50,7847,1561,8859,4863,5.79,320357
-117.52634128176157,33.53657361943936,14,1374,628,643,2696,4.63,240842
-122.15873096583475,33.99693724454454,50,1364,2837,14666,316,13.36,682091
-114.81238971313974,41.42996819514878,15,9484,2260,983,1488,12.78,706737
-116.45509605526786,39.4707964986304,15,9675,1088,14956,2743,4.6,292947
-123.45231353678491,40.84897189164817,6,9237,2292,4898,1072,1.98,167953
-120.15748901111931,34.44677308721358,27,8912,591,8140,2087,12.36,663787
-115.52365219207587,38.069183047139475,15,4666,408,9515,614,9.81,501259
-114.86489049619425,39.13772358346843,50,5738,899,11185,1109,2.86,210689
-119.6572888270513,38.93985284205601,36,7311,476,5818,1474,9.43,511121
-118.19134965232449,36.38070741105563,8,8634,2594,2168,4173,7.6,418333
-122.67297918123556,32.684865930815214,15,3000,2925,7578,269,11.96,591555
-114.39866699358475,38.025334194528114,3,4807,535,8220,455,4.32,243224
-122.02401611811023,34.92168548368012,47,7462,1881,7920,1687,7.62,438399
-114.88497298768334,36.7768924562046,13,1741,1522,12001,2368,3.61,179195
-117.82754764411662,41.550837351938725,41,2965,1486,1886,1809,14.43,733657
-118.24832257941625,36.294922339015315,34,4691,379,5815,1724,12.01,628938
-119.20260734939426,40.442533118712255,24,3283,1805,9749,841,11.45,598358
-122.0340750903537,34.314167100100455,40,5556,2986,14806,3632,10.82,563583
-122.5776585586647,38.867853286415524,32,2057,1220,13971,1359,7.22,363412
-122.13631846093544,41.733635441270465,32,969,308,10206,3883,13.96,692629
-122.47815984807168,33.498814079214334,30,1622,2389,8369,4979,2.48,109978
-116.5229718853898,32.61829065635788,49,8798,192,11905,4462,12.34,645586
-120.83474239796602,36.6200140786729,13,3172,2066,1408,1380,4.41,220418
-123.76925952730349,33.41160579551337,1,2072,2844,8939,4496,5.87,273016
-114.62020959338625,39.582296730453336,34,5799,676,10479,560,8.51,474353
-115.47678971496721,41.14590292681494,15,2469,1438,8844,2622,12.07,623036
-115.03536707672006,36.62413735318942,44,5475,139,13385,3979,12.82,671219
-114.3611254606298,34.9744765526827,14,4949,769,8573,541,9.38,519835
-122.60409169783634,36.6277352318522,29,6771,530,9573,1667,6.94,395211
-120.3717301302173,39.34764396596851,34,9573,2181,10138,2106,14.28,746072
-116.73728570393092,32.62519966047129,18,5272,1150,13771,1570,4.83,291327
-117.36195299473992,38.086762041051,7,9831,722,10779,1633,12.34,685600
-122.80488510034785,38.31107475479024,29,5663,566,14705,1625,9.76,493956
-116.1590354250942,38.54064640329075,31,7650,2582,13545,3996,6.59,385805
-122.09661665875993,34.81742777262006,25,8620,1663,11085,1811,1.52,109755
-122.10287114718086,39.25923612698817,38,4159,831,12003,2041,7.53,417237
-118.95877679415013,33.39999388638201,14,1513,2201,12491,3229,5.24,262806
-118.3968830541893,34.415133866152594,8,8047,2085,4961,3376,2.91,175068
-118.52593447330838,40.79699313901868,27,1270,2436,14530,1096,2.51,123244
-123.43147215252654,39.49138484833699,2,9366,736,2876,2942,6.19,336886
-115.54029293919098,32.66934566324676,17,3485,1639,1696,2663,9.8,477817
-121.68337557240939,34.87722061007982,37,9149,949,579,3942,12.81,636265
-123.04967019032064,34.55756500496568,14,3295,1551,3412,4194,3.98,194381
-115.42696927811546,35.088287546827914,25,520,2704,6256,511,7.23,416712
-114.75525895777328,34.86953743833373,30,2521,272,11510,4481,6.79,361670
-115.69423872265487,33.128372442940176,29,755,1126,10255,1431,8.43,462559
-116.22245860976223,36.85863026117608,20,5139,1150,8019,1195,12.43,640830
-117.77137051438422,39.43502199773781,21,5632,1791,6844,3565,8.97,467293
-118.81939199908425,38.24934552959108,22,1586,552,10434,4504,12.93,688760
-123.47665293048944,38.87172240150793,35,4963,1389,3998,242,8.5,457330
-120.24912974077019,33.30361377002601,37,7054,2919,14728,3584,9.65,498664
-120.60820728919637,41.49352758276357,16,7837,673,2172,805,7.4,421843
-121.74207201104632,40.43020815646287,50,5041,1936,9587,1734,12.61,680722
-117.08686205856661,40.11589989704419,49,4067,2262,5724,2575,13.97,690277
-119.37140761980913,40.28427760544304,43,3993,1100,13577,877,10.13,535758
-123.53629599228721,41.31680588152929,17,7573,1143,1038,939,12.58,639630
-122.13936065242389,37.6614298211299,16,2713,2035,8276,4798,2.3,152500
-117.49008201285766,34.42465378813436,2,4003,1438,861,2505,13.73,711128
-123.58564617071738,38.343933749892415,4,2527,1379,7354,2383,4.05,227728
-115.80388258295037,39.530514855415305,21,9009,1197,13041,4996,4.96,288696
-119.37872886877969,39.48380267146138,39,2365,68,1769,160,2.22,87192
-119.52491076364045,37.44683531741034,34,3508,1330,7228,4765,14.53,735211
-118.40222584201844,33.184196548928966,30,6652,1095,3962,842,13.0,701856
-116.0702031021115,36.0321727506275,6,8267,1038,2785,4733,13.83,772707
-120.85799555266198,41.2044137856402,17,7842,2547,12191,2693,12.94,691855
-117.542717828307,38.03966424081738,39,6604,2649,6734,3464,7.97,417792
-118.67005108148226,37.60570358603626,25,1192,1623,2031,1359,13.98,715674
-121.669036167499,35.069911570336444,5,5624,1121,7408,346,14.59,774417
-115.52855493699421,36.00710433641501,5,9769,2792,4039,1679,8.28,465500
-116.34384274306645,40.965206698931325,20,4581,2684,1226,618,3.87,217829
-117.7391435800294,38.81141727722753,16,3374,2818,11589,4977,10.39,540642
-115.81015943989381,39.94931192173945,51,4982,1256,6121,4755,14.67,759281
-115.64236622236359,36.81539043106663,41,9697,1508,12962,4161,13.27,717940
-117.23803571378104,38.47062633508245,37,5760,2204,6537,121,13.13,721851
-115.94638618322874,34.877289758273584,40,7660,1261,7139,4415,14.11,703133
-117.34738652484039,39.178386412967605,9,3278,825,13717,4432,13.57,690120
-117.52138665152658,36.563728550148404,5,3183,1909,5473,115,11.98,596267
-118.13914176271955,36.70435329440676,42,7459,1916,1303,929,11.2,620911
-116.79272493884129,38.65012307426846,2,6254,1210,4235,117,5.07,281952
-122.75760474285754,41.3504006480226,9,2723,1931,12064,1266,9.89,519309
-115.50605757764276,33.14229972158712,43,9877,2995,8811,3077,8.54,504931
-115.59669098143787,40.300833863435344,36,4781,2433,14027,3289,13.14,659284
-124.05635727833302,35.291325068978736,22,5809,2704,8004,3530,8.14,425494
-116.05879982432978,36.717282066905014,22,2201,2935,14981,557,3.22,198486
-123.05614653056661,32.74620442377283,22,1587,1830,2383,3764,1.57,64013
-120.98540670323821,35.372843592420885,34,6752,651,4658,2934,10.65,556384
-116.88517710683226,37.26975999314953,29,1230,1644,5447,1175,8.92,420142
-122.73597064367497,33.0686168878394,38,1420,2500,7967,935,5.97,332867
-116.13761107784461,37.161210813495586,46,6235,589,6044,2891,3.78,208550
-115.99537285330427,41.2641110175578,33,9655,1145,8774,3927,7.8,445298
-119.2550239530412,33.53175018239445,18,6723,1855,2577,4920,2.85,189634
-124.28588584796299,39.7333872511905,7,8274,73,3193,2575,6.04,327305
-121.46813714292387,36.39500461226809,1,9263,673,8634,975,6.62,339234
-118.15605373950754,38.705184653674024,33,1034,1885,7307,4265,7.79,390280
-114.49889077260467,34.98882638704101,1,9310,1129,13584,1988,7.8,431833
-118.00659218875265,34.040822190514184,24,1924,1035,9754,3864,4.97,256909
-121.74157204611583,34.049953200292244,4,6798,272,9494,3412,12.98,681890
-117.9845827408799,33.20332920850199,4,2613,228,9913,4633,6.3,318089
-118.9285467876528,34.286935493120694,18,9705,2897,14568,3282,4.6,267774
-116.52035223268251,38.790304412746195,27,6193,2531,10690,3794,3.87,230419
-123.27591438617733,40.83670865744742,43,4698,2010,11888,3515,5.85,299512
-116.70927985887964,40.200922701412836,32,2305,1523,14941,490,2.41,130118
-118.91568355009186,38.9871138559189,33,2768,842,6327,3661,1.94,99580
-114.6815602812557,33.57916383469848,28,9530,933,13380,511,9.67,537062
-120.91760345297159,35.26125386964489,42,409,2589,3635,661,9.86,517216
-117.99847619293516,35.45528269678444,41,9456,1262,11169,3521,8.65,502767
-114.99243782067943,34.892094865601614,36,5111,1651,7104,3213,11.79,640840
-123.32080233097358,37.386203257868495,6,2420,859,10682,55,2.03,106918
-114.94022598814604,37.57956139801772,16,433,1010,11643,4826,14.14,704164
-117.44362734809984,35.89829702636015,34,992,469,3013,4020,2.78,118580
-123.66891592658406,35.86915598370987,23,3310,2746,9481,2908,10.6,539699
-121.32832578785396,40.33670817629623,50,2366,1237,2440,2656,3.3,170693
-117.23995223000138,39.967245702688246,42,8726,1328,11872,148,13.38,700287
-123.67379996125352,35.43635877611582,24,9751,2573,9895,575,8.39,455819
-118.50500857983022,41.138749256847376,49,5393,1490,11589,1230,2.61,123511
-120.87733410819231,41.50598930999358,13,1414,2267,5389,1739,9.83,471731
-118.11600820161453,35.614647320502684,18,4619,1390,697,1188,1.62,104985
-123.89074998052237,35.87513876814265,13,7514,2271,8936,4541,11.98,638211
-115.59977046623014,37.29801738370063,49,8675,2567,12835,4915,10.28,567036
-114.57617074945894,41.39594684594187,37,412,2442,7245,3121,4.37,215382
-114.62246633293167,40.78616586586915,43,1858,2542,3002,2977,6.56,337523
-116.82349560930103,33.50516452791158,39,5224,1091,6745,2842,1.61,131630
-123.04393414908846,36.23559629418403,42,9809,1143,9055,4828,10.86,590986
-116.73703751287262,37.747222895545356,17,6117,1411,7794,64,5.86,310943
-124.10314735875363,37.27447656670999,15,5341,2725,4930,2465,9.22,463886
-124.12787954264886,34.36425146928616,18,1994,641,7646,2735,14.42,746919
-121.1009533997386,40.621465816692336,23,6188,576,7468,2950,5.54,273873
-119.44402236833716,38.91001276800024,51,8496,2553,9934,1286,14.87,769211
-116.61510952520976,40.42471780735548,30,5778,1342,10589,4150,10.04,539261
-117.48971441887069,40.62097186867854,34,5751,1704,12988,3270,4.77,229123
-119.87313682797745,39.58202858299461,4,4045,860,10464,1657,7.4,377937
-121.60278827053207,36.67297175775984,3,7106,237,2260,3613,11.5,613113
-114.33887001841659,38.285244964695146,7,578,1642,13368,3347,7.53,371723
-120.07113972555084,34.04903847158678,18,3493,2808,5978,2683,2.42,118811
-119.81807427573005,38.87900337843888,42,3529,578,7763,3940,3.78,194776
-122.70721683523564,34.22677313650663,7,5008,483,3849,4314,12.18,650379
-116.37011213055071,39.07006564670058,40,8137,2385,14585,2858,10.25,589812
-117.38543045315386,34.70051869269484,6,424,1991,3022,841,9.19,464409
-122.13347308760085,33.64615773441357,22,937,2596,6586,1049,3.76,152919
-123.52289430201694,34.09532705224523,1,435,1854,8212,201,12.81,654037
-117.51778700716989,32.55874599241145,4,911,352,8871,3113,14.47,720127
-117.77870740861741,39.30333980400172,46,6188,136,3904,4649,2.05,111531
-121.60647434893798,39.431893871639346,49,2088,2927,4978,2141,2.55,121934
-114.80332983500588,37.385522822683775,50,7373,487,2468,4649,13.44,693709
-122.83337876651976,34.05842395793116,43,1459,2638,8193,4132,12.51,604578
-120.00935859753227,33.32624631597559,29,5446,1095,4032,4076,9.84,517968
-114.87609616151731,32.72000357417487,21,7471,882,12919,3027,14.26,786917
-120.13593773806173,34.09969034524273,26,948,846,11652,892,10.23,494256
-117.93919948545258,40.92295058419141,14,3751,609,5708,4496,4.42,275701
-120.35815224445355,34.81286168041282,9,6600,811,6735,3843,11.34,604162
-121.59687936841935,35.873693189114,47,6843,1748,12999,2120,10.22,543357
-114.47086441448333,33.53130100896934,12,8901,2564,6495,1709,14.81,778565
-120.24028657659697,34.632419877680285,42,2023,1174,6201,647,4.39,213492
-115.37324399506149,37.42590321104173,51,7052,2772,9392,2563,9.57,519597
-122.04125575685349,38.258952747930095,51,7977,734,9962,4185,12.03,651824
-122.21042877158816,34.84876527630404,6,4432,1214,13803,4320,6.08,277657
-124.0374138078395,33.083259618308354,20,6719,187,5631,3653,6.63,415955
-117.80726507322612,36.21961929848882,24,1977,627,10512,1266,13.49,648165
-120.64999550901344,34.7438537204168,27,1422,759,5070,2341,6.96,344663
-115.67184317161005,34.606002417592435,38,7830,277,6444,4981,9.93,484484
-119.59897253681676,41.572308973533616,8,1977,2378,8508,3861,13.5,679526
-114.62933798373619,38.339387572561066,1,9696,2781,475,981,4.33,255750
-122.48732382234066,37.780226150249426,49,7690,877,7987,2188,14.76,766216
-115.62902339372567,36.45244372415446,49,5059,480,1709,4052,10.98,580381
-116.55296759797092,36.57636617757766,24,9093,1113,12398,3028,8.2,450588
-116.60994467977372,37.62991608611634,47,8318,1759,12131,3942,7.32,418358
-115.86837638970644,39.09340448420977,7,3189,1736,3039,4645,14.38,710198
-116.70931913093229,39.14719476507102,19,8543,1284,4162,2968,4.28,258262
-118.0627479708206,34.15563967150828,22,1525,351,1713,2614,5.71,280491
-123.03230142806882,37.24606099704106,35,9693,1159,6678,1813,5.66,324058
-124.02343715790782,36.4165256742709,30,5327,1470,7951,2220,5.4,302041
-115.1046876079305,40.73165875259491,29,9198,582,3779,385,7.83,427403
-118.15883084221178,38.48165204866493,22,2922,818,13205,1226,14.85,755006
-116.35276559859919,37.55086326497439,11,4856,1988,7640,3071,13.5,676195
-119.51551559081399,33.62586358290361,20,1525,1454,9588,828,5.93,326035
-123.17222578281755,38.2390525385333,29,4333,493,7174,1235,7.21,396733
-123.09313464628639,33.64288875245099,51,9551,309,4096,3335,10.54,576754
-117.46692451622113,35.71311387607373,41,3069,1588,4886,3497,1.73,96991
-120.0297288152094,33.884142888902865,42,1442,1381,5795,4041,12.57,633622
-122.33673174392861,39.052413018499315,34,8739,2836,13920,2520,13.38,734175
-119.41439075071597,34.4808323911982,1,2031,2893,9447,988,13.07,676807
-123.70534227176564,36.22739670169933,31,1769,119,7098,4949,6.56,358661
-118.50700712477943,40.968299657392706,30,7446,1527,14335,4056,7.74,417392
-121.64930621947161,34.46261716778431,48,2118,1512,13171,1985,1.67,103757
-116.34250662960264,37.318445651852116,18,6616,1898,2466,683,6.89,401353
-121.23396593240732,36.485346331572266,17,3432,530,11183,1303,7.72,384637
-119.77958970321872,32.710547226240315,38,3958,1217,10264,1132,13.74,687009
-124.23332977932266,39.99985384872017,14,6197,2121,14264,2193,13.57,714989
-123.62263324654262,33.18972197842038,23,2555,2843,6864,1335,14.54,715076
-120.40936469367688,37.002739747393136,25,9789,2942,9076,403,13.45,685128
-119.53141409944008,37.81598275537552,15,2024,1248,12784,1935,1.61,114112
-118.32579369688219,38.45349295674327,46,7480,2422,9373,1868,10.16,572377
-121.42170770975859,39.02002363178711,22,4260,1942,13891,2570,2.42,118699
-117.37238186328952,34.92329312894875,3,5524,1744,10325,4058,5.18,257980
-115.71437113222039,32.63390028835601,19,604,1933,1714,3072,9.31,455456
-116.52029607151077,39.347604862759724,44,1921,1421,4655,2634,10.96,582661
-123.95222699350249,37.58052859986071,34,5516,847,14496,1597,10.34,536365
-119.5257102495314,40.40786758718021,35,4045,67,2516,4068,2.16,130118
-123.29650100868152,40.26926449489554,50,4410,93,7388,4254,2.9,173548
-121.91986804074023,40.47569923888398,1,264,204,6962,1418,3.24,166796
-114.44390756359785,37.10474075040747,21,9691,916,12933,3387,2.73,214836
-122.9193447492688,35.679443204824906,29,6582,792,3753,1807,3.91,214012
-119.34116293934838,39.988562686384796,6,9807,1901,6739,1567,10.79,586490
-118.14371642744608,36.78667760360529,37,1168,1475,596,4967,12.72,646488
-117.2972516957372,34.26619106815632,1,568,274,604,3534,7.02,352860
-118.73112721779138,40.585305524073476,51,8624,266,7799,3735,10.85,561237
-124.25190069191139,40.84488844042779,1,2442,80,11678,3102,4.2,192759
-121.07232846523031,36.927974805279,27,5202,1942,13480,2746,14.64,728140
-119.1521751004175,33.2523344339851,21,3283,1132,10500,240,6.22,341940
-123.46782034858587,36.18944350611832,16,8273,1965,5833,982,12.92,670956
-120.82970561065983,40.101289375543104,44,9312,947,8155,4287,14.26,768945
-124.01664078773467,41.02569360862002,40,9080,494,13105,3288,13.17,705634
-123.56107188856359,34.454678506902376,26,1669,1308,3316,2265,2.41,109347
-120.36489030693598,33.170221689157806,16,4925,1180,5788,615,10.28,519627
-123.01753382940767,40.79586776398001,28,4459,1264,11958,1184,3.12,180975
-118.65188988345396,36.204300475791214,1,3822,2065,9700,793,1.58,99663
-117.42777170986186,37.63797067375777,36,1023,2627,4464,722,2.2,124955
-116.3121095409448,41.649499291397646,10,3631,1986,12369,2961,13.87,702504
-122.34049154778211,33.166374089672836,43,6728,787,6142,580,13.76,704705
-122.66847487411894,38.64067245012422,17,4351,1752,1577,3071,4.55,251452
-123.30013888304262,33.2373320264295,23,4413,923,13929,611,8.89,494963
-117.9602402945819,36.073162616869766,7,7620,615,5060,351,14.39,720066
-117.25698370607151,40.10389487027034,44,9189,2068,2497,3817,8.21,440463
-124.03287510595055,36.61897371023052,7,979,1935,8401,4330,6.81,357203
-114.95042904771336,41.92348595022676,44,3092,2173,11846,559,8.02,420789
-123.82820831213921,37.800747871347525,15,5734,596,14842,3495,12.17,649270
-118.91538479357725,35.56213585630432,34,3506,2364,8941,2253,7.94,405936
-117.2310323847128,34.61124757676373,46,3102,366,6294,2884,12.07,586771
-115.6054699975893,35.83839822763278,45,3918,1909,7670,844,7.33,419519
-117.18056720139043,36.04553810607737,4,221,74,7830,2529,4.9,267781
-116.3006500459793,33.18659570738247,14,1700,209,1599,1573,5.91,303516
-120.94192006687022,36.017693216605934,14,9234,2693,13498,4906,2.55,156836
-116.16915585798502,36.90848447074611,16,3841,1187,7335,2244,8.21,419893
-123.54564694229785,39.34096224856715,7,5412,949,695,2578,3.5,206641
-115.3660407731523,38.71982445123033,32,391,2599,1078,484,12.46,619922
-118.85217254341649,39.20948481570635,19,8787,1239,830,2088,7.18,402645
-116.14433038957657,32.618702246461226,2,7374,752,156,1756,11.83,660572
-119.80872442343626,34.58825023005284,10,5314,50,2343,118,14.39,764543
-117.88847994022689,38.76644915384265,50,4862,1972,5979,1954,12.97,649394
-119.06491728420143,37.094339954571424,17,4526,2838,1801,4009,14.34,741168
-117.00484120157647,32.58999980603913,37,9265,2417,7329,3001,9.17,494417
-123.53043498041288,40.11029458528345,12,4535,1474,1386,4699,3.73,215133
-123.74406507673473,39.812138084662074,6,8481,431,8403,2763,14.13,747638
-121.86908353053812,37.700624323769425,22,8848,1791,13098,3419,13.22,764593
-122.74817141166359,33.16541989555472,32,9396,1876,9493,4645,13.17,714065
-115.59729299141429,39.752906616101626,41,5694,1323,1047,3777,10.86,568786
-122.14909156692524,38.032744860552135,20,8736,1598,4221,2454,9.94,577540
-114.55231283157592,39.8982433850564,1,2911,1628,6653,3375,1.7,103665
-120.96756625061809,39.61393919844486,47,7795,947,857,3596,11.6,588600
-122.52153612648546,40.09624949712325,6,6473,766,14966,2353,2.74,166876
-116.42142698828951,37.41445590486752,19,6484,2404,14188,3731,5.01,295194
-117.7365739339712,33.86045371620098,18,9508,440,11680,3271,8.95,504730
-119.34811500681049,38.85559182450287,6,9017,1749,5751,4424,7.6,445188
-118.77414994858619,38.378658317339045,45,4194,2395,7373,1132,1.71,109544
-117.12921414614647,39.52460249154341,33,1878,282,10133,495,12.62,642052
-122.05631439703376,34.13858026693742,23,8614,1976,3635,4981,13.36,683020
-114.34680748279031,34.37471663106172,23,943,2368,2393,4900,10.71,570783
-114.5630766520463,40.91875355703388,26,662,1369,1204,1642,8.8,437197
-117.82073010907675,39.59729108343399,13,1768,2774,8953,2825,14.47,712749
-122.34659379267138,41.08643007867004,7,1936,755,1008,3866,3.12,218238
-117.52050844598983,39.679511172152495,15,8103,283,6639,3103,11.46,647116
-123.62512797384908,38.159231429368745,44,7202,1441,4717,1640,3.23,188555
-124.04224887785371,38.695389055432294,27,9056,2942,10148,2281,6.65,340166
-121.76286379934741,40.906693764275495,26,1556,1305,14147,1611,9.4,463410
-119.70526551433726,37.98657155995736,33,1214,1946,7169,4322,11.45,610152
-115.63254404569986,38.49080236193013,15,1254,2588,2411,3696,1.55,87304
-117.04922253954626,34.01244589759388,36,1964,2600,889,4992,5.02,233831
-116.8932265271522,36.999598681292525,45,6209,939,13685,3288,8.77,485224
-120.07804692214133,39.281296823525715,27,4658,641,14117,1650,8.69,453592
-120.87681267482849,35.089570791157,5,9804,795,271,2106,10.11,541545
-120.62477081963459,34.44321183873588,2,867,1769,12652,4381,5.6,272878
-114.43399838008997,35.49311026539175,33,3570,477,10278,759,8.8,483977
-123.94730371821868,34.81252090941256,16,6176,2794,8089,3021,4.06,244812
-115.64500377893062,34.56232791451249,23,1594,2743,13437,2782,4.02,179248
-118.54009889793316,36.5378464313887,38,8490,781,13880,843,9.28,513793
-119.94630119133652,41.08276041564406,16,4270,849,1985,3149,10.75,561002
-117.06841308943203,37.31143127581134,14,7182,2461,8767,2905,3.13,184001
-119.46384382809597,34.30833078347219,29,8813,251,14791,76,3.16,194711
-115.58083068966013,33.26430340887403,26,5799,2979,1149,3317,9.13,468193
-115.30695328532697,39.090829325747876,35,3850,2243,4229,134,5.15,263499
-120.1159218941905,36.14213637334641,15,9524,885,10603,3151,6.8,393414
-121.57064891576007,40.27342920736823,3,3820,2736,1261,1172,6.91,359048
-118.40280270092265,38.74599633290965,23,3390,184,915,61,3.91,223363
-115.18987201000843,40.032632049594284,29,8989,2723,3866,1798,1.52,105245
-122.23495162238311,35.099012230927606,34,591,1337,11214,3159,13.02,668104
-118.09541550102263,39.05509746035856,33,1275,2161,9045,1926,11.15,590163
-118.0091353902711,35.0248232759679,41,2850,2588,4761,2669,10.82,555114
-116.98954525495058,41.37663439162725,41,2584,90,8753,229,8.88,467332
-123.0290604413223,38.52828198922906,23,1009,962,3339,846,10.96,564237
-117.16311735459183,35.59365603964997,7,8247,1779,14042,3863,14.13,737693
-115.22331349251697,35.076106624170286,3,5701,1024,10994,2074,10.49,564272
-122.54598158694277,34.33661916552416,32,7095,1183,8372,3267,5.08,244106
-121.96506501776426,39.07657142318998,31,1359,2465,2904,936,9.2,413463
-114.59719325582194,34.598113918310496,18,7774,1509,14325,2518,7.47,405780
-122.53299139479672,38.141803732377674,43,1731,2090,8131,3437,9.01,471824
-115.77197366256942,35.030215603367616,7,5681,293,969,1569,8.49,451203
-119.40753032126173,38.7691277705103,41,7748,2999,5626,2482,13.09,708157
-121.86780001299209,40.208582845566475,1,5176,215,7841,4916,10.3,516845
-115.60767099122398,39.86121753799119,14,5895,1099,13457,966,4.05,249631
-119.87913523977323,39.699611024058655,32,8645,1547,4794,2120,2.35,193301
-119.18123376654592,34.30646783756409,6,3748,777,14022,4026,7.23,366311
-120.74329697122634,33.37170235112432,39,6363,1165,9098,1831,1.71,132734
-118.39677345159333,39.1171084760663,10,6871,532,2034,388,5.8,324811
-122.70822031924637,36.00614728180484,7,5464,2640,5272,1566,6.47,359656
-120.42354137201632,36.6083779904555,26,1431,2497,803,2920,6.57,368191
-114.61710028375371,32.83311296318581,34,2623,1280,2623,3632,14.72,755661
-121.75834033568067,34.98261438767821,30,8271,2716,2739,964,5.6,336643
-117.75636388800542,32.8568949604587,36,4461,2976,6259,3340,5.08,251044
-121.08509175518407,40.81313812017774,21,9965,2198,12874,4620,3.25,226997
-116.58432981810653,34.83036278908637,17,3108,929,4009,1496,8.4,467740
-123.03602844638776,37.784542765682005,33,4912,879,13093,1429,3.57,184589
-114.61299670741141,32.906795407421235,10,6955,2074,13913,1533,9.82,519314
-119.79395300450825,38.81503395218624,51,4083,808,1264,2124,3.59,213637
-121.9800533480015,35.579687323546025,47,3715,212,719,850,9.29,492030
-123.61209265680667,40.98941954927164,42,3603,1246,8082,1296,12.65,623320
-122.64563063292108,40.89719215786928,51,4798,2599,3166,2787,2.07,130788
-119.13146955649758,35.60098471878405,12,5208,2644,4972,3545,7.17,377886
-120.96648810862989,41.018042028447304,16,6422,1357,8738,4884,7.72,398736
-116.0280110065386,41.91384370762351,41,4209,2478,2437,3307,12.18,657179
-120.02388926243546,40.307161399406354,32,2935,2967,8500,3927,7.82,405784
-121.8529087032202,40.49023938237671,15,4691,2045,5694,1031,9.16,501115
-118.15386433449554,34.88317220678653,27,8793,1984,2560,2526,12.18,629496
-117.25395674247012,37.96676957325149,28,1174,1606,6920,2138,9.06,470648
-122.67289924467445,33.17287815043293,17,423,2706,5646,3002,6.34,340348
-122.66710306846528,33.433177785491914,46,4813,356,14265,1061,2.66,152222
-123.98181887358723,41.93957947923327,50,6977,1412,3542,3514,11.35,592441
-116.95652376874096,35.613675337097824,2,8627,2152,2811,2800,13.26,680049
-117.68540254267708,39.580410612379644,36,4411,382,10629,2176,14.6,734693
-119.58470600747187,40.130718148982346,50,425,2224,1391,4862,14.01,693572
-115.87452869234926,40.61399898017803,7,8383,2802,10490,3911,12.27,635896
-116.26107166438146,41.92768227855429,13,4477,292,14130,2641,10.19,516526
-118.4730421814566,34.812481926267125,15,1541,1934,5474,1523,12.05,613366
-115.63255634364688,32.91970128074978,25,4236,2697,9692,2571,7.33,393235
-122.28335425123085,36.40931218432905,23,8601,1482,14064,1215,9.53,541321
-123.2263270212468,33.76405910309039,22,3927,2600,13242,3372,6.21,314899
-121.64171390036942,32.75102761701494,26,4128,2701,13769,659,5.91,316603
-123.77684796486328,35.93161644340138,33,3003,352,2755,2233,11.72,592661
-119.01705793886964,39.914976942617976,11,9501,284,12304,2581,7.63,419237
-114.94647884935858,37.86776030442792,10,6758,2236,6613,2911,4.36,245467
-123.95499085168815,35.48324087846943,25,593,244,7494,4700,4.23,210541
-123.12401646333933,38.6973582716865,37,7039,1600,804,1705,13.1,695202
-119.80992175603431,34.723291076705905,48,9235,1842,925,1805,10.65,572067
-114.97389482401984,32.67532940753832,43,9916,696,9296,95,8.87,517626
-121.17579270603342,39.732565366366785,38,8995,2098,11752,1309,6.91,356386
-119.25736252076854,38.40942242857032,41,781,610,476,4688,7.32,390984
-123.93260849513406,39.713267696554034,45,332,1169,1072,3282,2.28,108289
-122.86063426234062,32.906406737030935,24,3038,762,4313,1501,7.64,393413
-114.44423356549318,40.41729569788644,40,3585,462,11368,2168,12.24,629732
-114.6602082877821,38.369741542341615,46,3970,587,543,2617,6.74,370962
-124.30040259141852,37.84155025020594,33,2468,1928,7619,2042,6.68,328734
-114.79380967435068,38.41761819275774,17,1175,2526,854,3173,1.71,78237
-117.93323582433237,40.67431685303131,24,7805,284,11896,2390,7.68,433036
-115.63610032301898,38.06307252671932,37,7413,2446,4835,4957,1.84,95101
-119.78441184943605,38.00674307474777,2,9935,1829,10463,1538,9.2,508991
-119.17341587306433,41.86229086798886,32,3035,1943,10997,1623,8.34,416220
-119.44198033422052,39.66083087211523,24,2938,1554,5496,2477,12.84,636525
-117.65468285423711,36.70198470929518,9,9749,1912,3565,1816,9.35,483475
-122.94790140224661,39.19660577030985,4,4334,2493,2811,3599,5.87,330616
-124.04906515767831,36.20265873861973,17,9708,1424,2507,2359,8.47,475216
-121.25838338642444,34.69371810196972,17,7033,465,8914,4725,10.95,569219
-117.27500514212407,38.15637616151382,50,8553,1959,5688,2454,2.77,177973
-122.32339134068559,41.27419354325229,48,2109,965,6204,1492,9.88,482687
-117.58873836941783,41.28320288334551,30,9519,130,5847,4843,13.87,730371
-114.61208305708301,35.75732866697266,40,2163,2133,1823,2026,5.54,283848
-123.40723681347423,37.50544495714615,11,5353,1140,7324,4023,9.96,526044
-117.59707473301974,34.5314938055424,21,1166,2738,11614,2540,12.59,643171
-119.89474779818211,41.9088887403845,21,1089,2979,2019,775,8.41,389827
-115.63385176604984,41.772319513037274,18,3261,1740,1018,3853,11.19,583708
-122.57141611394825,38.65187902854708,29,6661,806,13561,4431,5.7,283795
-117.39603543964931,40.10953630156503,24,6366,2720,14887,3877,5.63,321960
-115.93532249193298,39.26909251767962,10,7167,517,13573,4715,10.51,557068
-114.86607323648082,38.1216188411614,45,8301,1215,4315,3669,11.02,614334
-117.49018979597196,33.04200465166553,17,7579,2453,681,2937,14.15,731905
-119.35836536935538,36.819332463420544,18,9833,2806,14335,547,4.54,291781
-118.14681370837981,38.889739103395335,42,7480,1544,14534,4026,7.82,405052
-115.62619395583367,38.91557248664547,48,1267,1694,13578,754,4.88,252452
-118.62107814374615,36.05108383935463,20,4423,1069,3981,4707,2.58,110354
-124.04491392064375,41.40132159445207,37,9218,1664,9978,4177,6.94,410751
-115.00327509710995,34.11482967334811,45,4807,951,4009,3731,6.55,386072
-117.42715141964312,37.24838238888843,18,4185,722,2099,4188,5.15,264460
-117.55780560679645,39.04121821934324,17,3379,488,14949,1966,5.51,294847
-122.18462146992691,39.10004793344193,9,4738,2628,11003,1424,6.37,351066
-117.73478987886412,38.64369258319456,14,2562,176,500,1895,14.85,724304
-120.39560136723225,35.13046208858201,49,2424,2302,14800,4704,12.07,600637
-117.81162091050342,34.00990381134111,29,6571,2126,3748,1486,2.46,139634
-123.27980597570777,38.52419847543935,31,1926,494,5545,3140,13.28,721771
-117.74523314178552,38.17943291287211,4,5991,1015,2728,1420,10.05,553371
-114.31588619326251,34.22774005682176,18,8273,513,1756,1978,13.52,713023
-123.86595112984001,39.175359359819005,20,8658,2248,720,1686,6.11,364370
-114.53917119041797,36.823168442213706,47,7213,2337,346,141,7.77,428789
-120.26464407434237,38.82362716698567,43,1037,2363,14869,1893,13.6,697045
-115.60763535861392,40.41962422063712,44,4784,962,5312,234,5.18,261849
-116.49484974005493,34.13714451290885,9,886,546,3439,4873,13.86,724897
-118.65715673969386,32.72015320785023,13,556,1513,6858,1621,12.68,621425
-116.93596993911669,39.871355337984355,15,9263,1821,7186,881,14.74,768995
-115.52970376453447,38.27725277068612,27,4847,2782,3110,4490,5.88,330039
-120.29243117062363,39.12360835014417,15,4618,207,4819,2175,4.68,264005
-121.06658705790508,40.42703831464313,28,6842,221,2468,4312,5.97,333173
-117.6473624089416,40.094450896698554,37,3591,543,12286,313,14.39,754247
-116.23922674290976,41.58225858260025,19,4557,1019,1939,1336,6.0,299563
-116.69665724684278,37.583149091998436,26,5079,1384,3003,1579,9.13,518782
-116.33995096545931,37.13674390332971,26,5519,1476,6305,1858,6.95,365081
-119.97674351927814,36.32175855097177,25,2939,1742,4495,1927,6.85,355426
-116.13894446960279,33.986232713163965,26,9710,1843,12790,1799,4.11,291246
-123.14310108407909,37.92823406141983,26,9927,2773,5867,1959,8.75,472946
-118.88332945647306,35.14668785390746,46,4984,708,3791,2673,12.97,693880
-124.29218304859886,41.209503689924105,28,1077,715,7570,1247,2.17,109598
-121.09115826780128,38.02782546824749,49,3070,416,3941,2528,13.5,673513
-120.67072618989116,38.118626098581316,18,492,599,4448,4913,10.48,518785
-120.37242617624307,35.87984105885266,32,8928,692,14145,2560,9.83,547465
-117.36750924483378,33.02921980211023,3,2886,1943,6721,150,9.95,532215
-120.44887666324573,32.838708832159824,2,433,304,1492,3137,5.5,281677
-119.8451160288698,36.52358370648159,33,2574,257,12042,1969,7.1,335911
-121.96505692602175,33.33576020789501,42,2472,2547,6160,2341,12.29,639570
-120.60255201204143,38.25042985163271,19,1166,144,4355,3370,5.64,284987
-122.06821294227795,40.829955983069176,17,1089,1933,11300,154,7.85,375895
-123.61511292536483,40.84822842344118,44,4063,2936,4400,743,1.77,115742
-118.29137612245097,38.741617309344306,33,6354,527,3438,3290,11.4,624446
-117.64114350250763,34.52769153416028,12,3600,2780,13549,3541,7.14,375134
-118.13031692606347,40.66080018308699,49,8426,811,5587,3442,8.59,490096
-119.69651980024226,40.87813922629729,3,4742,239,3614,4963,3.05,185457
-120.53695076700053,34.390510234407344,43,3723,2808,13245,2318,14.89,772621
-115.68213015829888,39.47917946710207,49,1963,1557,859,3833,5.58,282705
-119.13841887723237,35.236148955404225,26,3491,1806,13978,3562,10.07,537328
-119.5390139485975,40.09284533924107,35,2688,1609,11060,939,9.35,499223
-124.09255365930338,41.9240086380929,8,1758,805,11380,839,12.1,629643
-120.92387181063339,32.822544710149586,36,4890,1496,10407,4698,5.47,291674
-120.53283598738999,40.984212797092674,7,6321,885,12520,4989,11.71,636806
-120.34581927979512,38.398953321163376,46,2476,1713,10015,708,6.66,353106
-118.52506941295758,41.69953044634097,46,4639,1678,11258,1068,7.05,356248
-118.99263043086214,36.915739559923686,36,1303,1885,8721,2003,10.58,527885
-118.24663286835381,40.51392042667663,16,7720,182,10647,1240,12.09,632491
-116.67057205411703,33.12712818550979,24,9811,104,6893,3756,10.5,534297
-116.18762318329043,35.69497586123676,1,5609,559,13585,3707,13.65,730613
-117.140044314686,33.17062562023889,49,9870,719,2559,4896,5.35,378873
-114.75654209261246,41.717978886038054,25,8069,2507,12484,2346,13.66,747511
-124.16694486992932,40.22772446742798,10,3156,1739,14094,824,3.27,182537
-122.3843890237372,40.56247123392458,16,7910,1366,5373,2861,10.4,549233
-124.27406873521944,41.36625282779295,16,6217,783,1818,1430,8.89,457083
-117.84935386988778,33.34082380438718,8,9774,1743,9557,3232,8.18,460882
-115.33377328854213,36.16847334555047,29,3584,308,5523,4837,5.7,322286
-121.90543774237395,33.20843830590406,39,9961,1195,1408,4864,8.3,451313
-115.04257317024508,34.52356308558577,28,228,348,1150,4379,3.68,236425
-123.7449154014928,34.698331961924495,6,9097,610,11765,3147,6.49,342305
-114.96826229087264,36.95429885595772,16,9412,1962,5579,1454,2.83,193049
-120.81970822011407,35.06716999573878,20,9838,1914,2349,3851,9.22,511595
-123.33173488236986,33.490203985155134,16,7956,346,2909,1419,2.79,179412
-119.47184753776929,34.11609114837555,7,7148,2459,3021,2114,3.66,207362
-121.7719632600861,33.925863053025175,41,5955,2686,4776,2342,2.65,163924
-121.4898760643023,41.69665266835473,14,3802,1511,4141,2815,6.65,342514
-121.26480875214008,39.68494249010284,43,5262,2224,2517,2867,12.87,695567
-116.28761998576006,41.64663538818658,26,8271,246,632,766,13.74,760770
-118.93682078218045,36.67795797803942,26,7444,2318,13563,4090,2.47,152949
-121.22447070047372,35.1594474124456,14,6572,1044,13513,1761,10.07,503460
-118.22224881555837,40.051938985738445,7,7305,2188,9190,1275,10.74,579877
-117.15984723079913,35.61004936876719,33,3781,2508,8267,58,8.71,460036
-121.61285503263532,35.35719754656733,26,2962,57,10946,647,10.5,541914
-120.19796702068547,34.72788138667569,45,772,2641,1569,4168,4.65,247019
-123.12626362289704,33.760279185090056,20,7905,2565,11212,1658,8.11,472655
-122.5312605306718,34.95331740416777,3,814,369,9544,3081,6.78,359729
-117.51157674619157,35.88355883313928,4,4250,1467,7392,3717,2.71,167378
-122.5283589891359,38.88228549865133,26,525,2366,9061,2296,9.95,515203
-119.07735962798272,33.128735165285036,11,3940,1748,9125,3676,8.19,434229
-117.23117553230678,34.52087030225088,2,558,2158,7242,4121,5.21,244381
-123.27695569212877,40.15291245514468,14,3977,1511,6100,2872,7.89,443394
-118.65418531492581,33.922535300923286,44,6106,1337,7181,141,11.97,631081
-121.7741096516383,35.76429082877693,30,1921,2894,14671,900,12.32,606686
-114.6822141726147,40.6764404546851,49,1549,1168,10501,1157,10.27,498685
-119.49520170693195,33.997847177859796,12,3896,602,4749,349,7.81,391624
-116.25783480025741,33.31855362316717,26,4096,710,7031,2393,9.27,459325
-118.82572551675113,37.0995025337029,44,4460,765,3524,1527,6.7,370677
-123.9141381701376,35.38576760113103,33,9988,2876,1191,1132,3.21,206937
-117.99316018903602,37.841672709793066,13,7141,2291,9488,3006,6.71,386725
-114.79791044424516,40.103804019449505,14,4008,2579,12206,2968,8.66,476429
-118.30981732573083,33.83056727351731,24,5446,1508,9952,1415,9.58,524445
-116.12534385135503,38.004378385655826,34,8584,904,7949,2850,14.13,762100
-115.47256710798199,37.29683743526862,44,4045,2595,4754,3586,11.99,625475
-122.06007908963271,33.89578137638421,26,2777,2309,360,4001,3.55,187577
-122.2210698073214,38.411825748827724,21,291,714,10556,2159,3.85,191482
-118.21575087193604,35.11495633206986,28,4434,2767,6036,825,2.86,176857
-120.22327416314069,37.130520937499156,48,8872,1947,13535,1502,11.47,598633
-115.91779251921812,33.314182571447155,36,6792,1724,13192,1731,11.03,584382
-115.31376784108397,36.864685978380194,40,8328,2318,9477,2353,14.82,767783
-120.8016493518007,35.42382123428294,2,1275,322,14636,1901,8.55,457334
-121.97181958789619,40.27860719725419,42,2713,1227,10741,1947,12.66,660906
-116.51352382695163,33.076169821045234,9,8368,1322,11825,3468,9.28,548589
-121.5909474030967,36.479094456981485,23,7061,328,4470,3647,13.3,685150
-116.09095224212267,36.853839701076836,15,9190,865,4401,1377,11.23,594440
-120.09566793336641,39.36230717797471,13,804,325,7307,664,10.18,514170
-117.64779901111363,37.944046081598884,23,3179,1054,11636,294,9.13,457885
-123.39082544909992,38.81846809299724,17,7340,2611,5919,806,11.26,610452
-118.08645238024721,39.852033777983024,48,7265,972,9158,873,7.17,393805
-119.81425250547822,40.65332998212356,2,5116,691,192,2877,2.8,155809
-118.46045102971824,35.49356842415845,20,7000,554,5261,3857,2.04,158752
-122.66313735424157,37.60279365747433,20,797,2687,7732,2829,7.97,365493
-116.95178760076041,40.44541701811287,46,9924,821,14814,1896,9.59,539962
-115.68751734146599,41.85073514238118,3,7520,1314,11470,1290,2.56,154577
-122.17393240708861,40.91037671692182,12,8905,2837,9643,4661,5.37,329360
-123.38902586257757,36.03550694129539,40,5822,2772,6308,523,5.85,342735
-124.11266859609478,34.3765169270275,2,2077,1309,8656,4181,9.1,419857
-117.90460613554961,37.145183776996,36,1899,1063,5016,3299,5.26,268262
-118.25477587766864,39.51884606177716,14,9421,177,13895,1842,2.79,187768
-118.86115797635074,37.17507495578853,16,5980,2600,3818,1784,3.73,169243
-122.0212511549956,37.08673192378162,19,916,1273,6225,4975,3.85,201635
-120.42530380110863,40.427748262379744,34,4286,2999,2024,3992,12.88,654868
-118.38145759473082,35.94080956102222,44,865,2640,3195,994,5.34,247210
-119.36246073705394,40.63066788997759,46,8046,1575,6783,1561,11.15,584720
-114.43263337704254,36.36803317695572,6,6811,1723,5281,4131,9.17,476088
-122.9801448843304,35.628673524433175,13,1279,541,2638,4576,14.69,729477
-117.37074867736216,36.81204506438917,36,8619,1307,9588,908,5.18,305797
-120.2906395682329,39.714625881130516,22,8540,2811,2376,3610,3.64,244324
-120.05087586614682,33.72567908220019,18,1269,2888,13431,279,2.2,114788
-117.14531843279191,34.38830482135568,12,5463,1716,8294,2467,4.75,286870
-117.39794104070333,41.4930958094897,30,8151,465,11784,227,10.73,556335
-114.39778982323003,34.19137621365857,51,1563,2245,10045,3978,2.65,143372
-123.06092133388057,37.88231406173122,40,4708,1019,1010,2665,4.8,305672
-123.30473912018296,37.991349131288835,7,1955,2126,406,1663,13.05,630463
-117.07763827602744,37.14736618789281,32,719,1434,6675,2890,9.37,439519
-118.54299535325565,38.60705278910787,48,5663,357,4331,2997,2.44,175914
-121.59742690773955,34.70266948975559,19,7433,2259,6128,1824,2.14,148575
-123.55262953535058,37.7405519397792,6,1302,2966,12307,3921,2.33,110979
-123.48999117405184,36.0421503318733,20,797,2949,6758,131,14.22,692391
-115.37232361837225,38.76628891311067,27,3473,110,6436,895,12.97,665145
-122.42365205982382,33.86891354314134,43,5981,2222,13996,2859,12.91,678076
-121.10334951636017,37.911956492459474,37,6456,1529,9730,1266,13.98,734050
-122.07436972164103,34.28339404415708,48,7458,2935,972,4763,8.32,430501
-120.78583708944734,35.16203122391249,7,8980,1980,1241,3310,4.84,280161
-123.65298461882922,34.59805922104492,5,6754,2563,765,3195,6.92,368408
-119.13863969928096,34.26050350856557,11,9799,2340,8500,2313,11.2,621923
-123.67116986153415,40.30994005418588,15,8202,1563,1051,2387,13.33,685901
-116.31442066146349,35.228508211688975,3,5046,522,9349,494,7.37,395250
-122.00353069761925,41.26423478734447,5,9386,1008,13036,972,8.73,536114
-118.92828037737071,41.667008603498246,23,4998,582,13729,4338,14.08,706015
-115.51400596088295,37.915561022108086,37,6805,543,14555,4434,2.95,166579
-117.81519121476617,33.885640564284486,9,3186,2996,4822,2680,13.14,671052
-118.9991038230246,36.06449897020186,15,600,131,12912,1217,3.65,126654
-121.09368911872163,40.0466605981067,3,3055,2953,13992,4013,8.03,388238
-121.00666079289569,35.99714675703943,29,3612,928,4108,3491,4.45,246773
-117.62835096981017,33.358832024229244,6,256,1595,10160,3562,9.64,479766
-114.36884081333947,37.77934601183425,17,8222,61,13156,945,9.04,514204
-117.70513453391224,40.49258721257769,26,2075,1336,6755,3772,6.63,337112
-118.74985448960494,40.02966730302036,21,4743,498,6290,2110,13.15,674692
-117.01426887719796,34.187908748626626,8,4498,811,871,3084,10.41,528932
-119.67933565267147,38.870715021621315,21,3968,75,13127,2437,11.24,574983
-123.7461708802881,34.61494511892944,11,5952,1856,4130,1947,3.53,182028
-118.70453996858578,34.59333290013594,38,5033,2605,7959,1849,13.42,693215
-114.73544214356599,40.76501538680179,8,1553,1618,621,4457,3.76,176339
-122.58995845872909,34.88938484528556,42,5187,111,3455,2830,4.51,227219
-117.42235089616051,35.01715753073449,24,6797,278,1500,1177,3.23,182695
-122.33262576586307,32.546148407063825,35,4511,1888,14569,388,7.44,403578
-118.97029004789026,40.732995611121126,14,3134,656,12030,4504,13.48,692515
-123.37936844554693,39.99831719229796,14,222,1108,12635,1222,4.91,259962
-119.82827579996781,38.443165279203285,10,1409,1778,3823,2858,6.55,316080
-116.75812017789173,39.600000838664506,12,9140,1529,13729,4913,12.92,691436
-120.86038189664062,33.97077701946447,38,1004,2988,6679,3079,9.84,531055
-117.67428628614833,36.85282502506909,44,8525,1575,3347,2139,11.65,653075
-116.36368239367113,35.84497443495203,46,4616,810,1958,4347,4.39,217087
-115.0411346924263,33.422437112078526,34,8825,644,4881,3067,11.17,582456
-121.99419349817124,37.114487865872434,41,5341,1642,4164,4609,4.57,289154
-120.34086820527455,41.2041601097242,10,5168,1105,12973,498,14.83,776371
-122.8197432261626,32.91695631026703,17,3871,1904,2498,4943,9.06,468540
-114.38546563832992,35.2826471959766,17,7492,2098,242,843,10.89,575911
-115.04291028204008,34.49296020969567,3,7201,1508,5162,486,3.1,195554
-118.92883041198318,34.7809600109942,31,2298,1911,11143,4676,4.88,260289
-115.89598572446073,41.088369133184926,51,8644,1209,3569,4710,3.39,202056
-119.11958190818869,36.94452980034467,1,5261,1269,3795,1670,6.77,361540
-118.0891996924523,36.927877475763694,12,9521,182,817,3551,5.34,303240
-123.45519070155518,39.69701679550421,39,3464,135,742,2969,11.39,590194
-116.76708497821205,33.99377163968635,4,5635,1549,11732,4358,2.97,161923
-123.06775662430223,37.12516698208148,42,8693,1880,2648,998,11.65,600610
-116.05628099226462,36.586160864879176,13,6891,1253,11985,3994,2.12,169962
-116.49843799978933,38.15692959804404,34,2963,2613,8661,1177,4.23,224923
-117.23420323466051,41.94583798758663,42,4205,224,3750,241,12.19,664466
-123.98694977953139,39.780514093312064,21,3441,2860,7649,4062,11.53,555059
-121.3065913063089,36.28391626539399,22,3257,2025,13497,3810,7.93,383795
-121.70834979809513,40.32727422189878,4,750,627,9078,3780,2.17,121585
-120.73423046898594,34.14636569877044,18,5774,1848,13871,1453,9.73,513995
-123.47006682249106,32.82666328816732,5,5611,2146,1049,2040,6.99,354401
-114.94294345676813,34.46385918488881,19,1787,2625,5544,1154,5.77,320164
-118.78982550324774,35.743272743035185,2,6120,194,621,4850,10.15,520702
-121.28253592099344,37.34456492769446,12,5460,811,6732,598,7.39,420771
-120.3643055685742,38.32836521249269,17,4609,1427,6148,3498,2.75,159136
-119.86008649333145,41.10879979898771,10,5983,1875,14832,1911,13.87,702016
-118.3200328930594,37.33772622986981,34,912,978,11235,4299,12.01,591685
-119.17257854592717,37.257003815928115,6,5606,843,454,620,2.26,168473
-115.11930458892725,33.012786722434264,8,8190,1651,13334,1834,8.59,464495
-119.36048663162546,32.86851771049506,51,7620,1710,10627,2337,2.63,189046
-114.38873353117394,37.72641524163306,11,7043,368,1582,2471,12.8,703223
-115.80169342423923,36.66326075066692,12,2633,1160,9939,4022,9.78,500556
-122.25655443585235,40.436687516764614,9,3501,1626,11337,854,3.83,204541
-115.00682404497508,34.05199489213846,2,470,747,12923,848,1.78,83250
-123.18168136522982,32.77498334052144,8,1279,896,13702,3325,1.93,109936
-116.14280492674844,36.765454806222486,11,5522,1851,7094,660,8.35,475228
-120.52854213349514,34.774673219038746,36,8995,832,2315,1856,11.41,590934
-115.5351378227315,33.00687125311846,10,5457,2139,13337,4288,3.13,188168
-115.6347108313212,39.35846987923619,21,8182,1166,4816,3310,4.49,268927
-116.25850898281908,33.5900901295977,20,9977,1800,8719,4417,5.92,309801
-116.4180944194771,38.26428649507314,48,6414,2626,5921,3421,4.44,236320
-121.29102144345566,35.18467814907043,8,5206,1699,2637,2523,6.78,351379
-123.53757039816543,34.172597833840754,36,4185,341,14790,2143,9.05,488705
-120.30407900519778,36.11346183067078,29,9787,1018,6439,2192,10.75,605214
-122.60781386953545,40.081604754257995,42,8991,1537,8836,4051,14.51,732947
-117.37269106741928,36.22960055867203,12,8905,1892,11056,3130,14.07,760809
-120.87515874556063,39.60474239907604,14,6191,146,5019,4604,9.2,501153
-114.55487358336646,33.72082605288001,48,6427,1168,7175,1482,11.41,614202
-117.91464034345286,39.8117790590484,50,9458,123,3865,2567,14.34,767344
-116.09229514111101,34.76954258737156,21,8033,1409,13390,2907,2.63,190673
-123.01945228567183,38.914269352254294,22,3086,1141,8950,555,1.58,117860
-115.69537459798288,37.86400443105378,21,2853,807,7182,1146,1.9,76587
-115.08551780724552,41.28325178896198,44,9480,1991,2927,4229,9.11,501925
-119.45989833505789,36.18470489414771,50,5064,257,2158,4204,11.8,610230
-118.26322050498018,33.16261442693208,30,2714,1294,7849,1094,6.46,325115
-116.67130959893393,32.72025311903729,39,4169,1335,11619,2254,8.86,454754
-122.59462018230545,40.32073905875361,20,3484,459,14831,3952,8.47,444655
-119.30423659230703,37.47776235039408,24,7940,2428,830,1402,2.78,152767
-120.34742320116598,39.83504652776688,23,4766,2441,1932,1646,5.84,329242
-122.88040511869102,34.745944896108355,7,2396,820,8700,625,1.76,92597
-120.65995440019302,35.78723804527953,9,989,1893,6605,729,2.99,171937
-123.66555001376965,32.82327743750851,1,3675,123,7270,4348,12.46,628976
-124.09084845422714,41.5876427742424,26,1509,1710,4279,3762,12.7,629062
-122.99293045688557,38.82463700205466,38,1064,303,6399,3878,12.33,602910
-114.6803242796447,41.32145987581507,38,5589,869,7930,1179,11.31,581157
-118.83272345961403,35.03832119390757,44,3563,1035,11539,3954,12.21,612286
-114.65314550202167,38.29387258163347,22,8415,381,4902,3243,10.56,578769
-120.00772130156547,38.92468470163372,44,3203,1471,6157,367,10.54,563957
-121.219366023824,35.52814267942391,10,8702,2844,6715,3746,10.51,576767
-119.26833569708394,40.52070790149708,6,1431,885,6862,4551,8.44,427606
-119.93730264612557,41.452789365891334,17,8159,1741,5643,3046,6.41,371032
-123.28912657001209,40.8664866575194,51,2911,504,8425,3644,11.36,581826
-117.91610380051033,39.494620243589495,50,6781,1979,4983,3259,5.53,310976
-122.18097664760361,35.150942636211816,38,7905,1188,7150,2592,8.83,474892
-118.1293369328258,35.19000695621399,24,621,362,5059,728,7.35,387336
-117.82198103232254,41.60522061539722,51,1146,1067,766,1939,5.23,215911
-122.82367047458837,32.63677710675486,10,9578,277,376,1693,14.66,738233
-123.73404974380888,39.27803024820858,8,2034,2931,11599,884,4.99,280214
-116.51115367587286,39.18577638964502,21,1764,907,14163,2291,5.68,288889
-119.73360374535602,38.399508580337596,6,7532,1318,981,2405,3.68,240004
-123.76603549312502,41.85692424167741,21,5144,2915,2160,1718,12.61,644058
-114.36154217561554,35.474785490536654,39,1508,1067,14777,2603,9.42,512024
-123.76988316759648,35.739135238294466,24,3186,2625,2182,330,9.78,502199
-117.37184630226012,33.282819781727085,33,586,999,6802,2812,12.58,640917
-114.47386359035534,36.70673046487657,18,6331,476,9529,4753,6.13,329212
-121.9486317536721,34.99646663186992,28,9553,2139,10744,4628,4.11,235322
-122.92181633838055,35.771268867491635,32,3458,514,258,1296,4.18,191471
-123.13129520819881,40.39332054630546,12,6321,1695,5329,1822,11.39,616819
-121.30511751842134,41.34290927229374,48,5011,327,10888,2214,9.79,522463
-123.3355000574531,34.2877482075688,42,6774,2933,8056,241,4.29,250243
-117.40070012939091,36.04530904591812,27,6897,68,7614,2885,3.46,184712
-123.72459034677416,41.27841358950586,10,4133,115,12107,2715,3.13,205474
-119.23540183337612,33.12161761508558,46,1639,216,14239,2613,9.98,509312
-114.34316358731611,33.40911256952807,42,6369,1658,7903,356,1.5,120902
-116.17773849415957,34.07186320843062,32,4680,452,12666,581,1.75,110840
-118.17319684016066,38.14095276913389,42,255,458,2626,4267,6.76,317486
-121.27521364730242,33.95594407016644,26,3524,2209,8402,2746,10.83,578968
-118.08608580363195,41.64959874945141,25,6977,646,7903,4737,10.88,587900
-119.05850370232702,36.74358370150268,11,305,2748,6674,108,7.31,363396
-120.07212282574066,37.259284006895065,23,3401,1112,8833,1623,10.83,567178
-123.03766781752839,34.861057574728875,34,869,2202,1238,1190,8.53,447195
-115.44849367898571,36.971735975410844,40,9134,373,7357,1860,14.69,793374
-119.83416212583393,38.76860728311428,23,1166,2032,3383,3248,3.69,156103
-122.39598998131952,39.60857685873754,29,507,1487,7862,3526,9.61,453230
-120.657696117192,39.63389865830028,31,2338,478,11902,4544,8.13,432846
-120.19213728460957,37.97795537045137,7,309,2732,7996,2612,4.13,194122
-116.04151952850859,41.0500254826922,40,3832,2827,12747,2902,11.62,579187
-116.98451161916353,40.23180784315049,33,6928,2986,11849,991,5.22,303082
-116.62617886784095,39.663822759314066,21,5884,1134,2519,4673,6.65,340341
-124.23924610513637,33.06324795901313,2,6699,1685,13626,1824,6.56,351912
-120.17181385827519,32.6047216244869,18,2115,1427,1856,1471,4.8,267620
-119.51730471758135,34.5391288784094,47,756,442,11378,485,7.31,338997
-124.1573095406965,38.78375701872559,33,7819,2301,13342,889,7.89,406229
-121.74147538419986,36.409368370384755,37,304,2355,2406,4051,11.55,546800
-116.71669017585377,36.326642900006526,34,2247,2583,7730,4505,11.83,585511
-122.97341855448084,40.86396261824067,20,345,1590,6363,2731,3.64,185379
-118.97548628021597,40.9672464009206,35,1073,495,9267,1700,9.5,467989
-122.18937320494693,41.095339234744245,51,498,1253,5108,1295,13.6,712556
-124.22830742257531,35.49359270000641,50,3438,1073,5347,2311,2.97,174796
-121.9283373657006,39.04283519787646,18,9037,391,9014,965,7.88,438808
-114.55222750070305,35.09606823579182,46,6582,182,2670,2689,11.63,639758
-116.30256739669478,34.33363852923057,24,2711,2540,5907,3939,9.76,474938
-114.71585049101682,34.27739142363875,8,6796,1909,7912,4531,2.86,194311
-119.45194539897932,35.75923271232642,30,983,2350,424,1376,6.85,342689
-123.24824856527786,36.58590120212812,44,5192,314,7587,3408,8.35,434353
-118.84848673070412,40.3592316996282,10,570,142,9821,1635,14.94,762071
-119.788051561018,33.66817518957822,23,686,1735,5745,3418,3.91,190679
-115.87265488929425,39.45565222398596,49,7578,1484,13461,438,14.76,779528
-123.36525088892618,37.540990742521366,11,3396,2235,2045,2841,6.58,343981
-119.44805898430134,35.24956567458109,2,9752,1281,13995,3382,4.2,264889
-122.84351140647239,37.17743229045388,26,4487,1051,14504,753,7.09,366793
-121.0902536940238,35.36245487660178,36,2461,1710,4586,2870,9.79,520340
-116.94693494302649,38.14913119879246,33,9348,1646,2530,1109,4.38,224856
-119.57077798113758,36.62247131406785,47,8772,2404,12403,4224,5.43,328177
-120.57608161713647,34.08705602863225,13,438,315,3610,1348,13.04,616365
-120.38945816315685,33.63704673156911,40,7043,695,945,1351,14.99,769646
-119.73715444520388,37.684406368298745,25,1305,2415,13256,723,5.8,306972
-116.46843389987595,41.031706643222236,4,1586,1186,667,2409,3.51,143156
-115.39346972304006,35.77664183050782,42,9919,2998,11980,4349,12.21,663424
-114.75843974750056,39.43753100896489,19,1867,1451,2279,4162,9.61,462408
-116.44949000199684,38.73800334998321,18,2891,503,2119,4621,2.86,138073
-121.18331476668995,41.305931743652216,37,7956,2288,3419,3632,14.28,733478
-117.44112755089111,40.26543137278492,30,2196,1964,2420,1066,2.55,111613
-119.95646463448386,37.87175548630041,19,1625,1513,1746,259,9.94,470532
-121.79310695465765,38.72265698838295,23,8223,1260,12295,548,7.22,443538
-115.90764934256374,40.99381665055577,16,7049,880,4009,478,9.01,482095
-123.96419945641826,36.29947176296306,1,3447,1440,8115,3689,4.38,211486
-115.29630959896035,35.61513818212168,12,2792,1162,3520,3201,10.79,542217
-119.71676625516767,32.641732297007195,24,1690,2284,10823,2155,14.46,732183
-117.95249717284486,40.31784560814168,34,1424,2916,14985,1603,7.69,384046
-117.73008662105394,40.07722839079567,8,2787,2019,456,3256,8.56,416598
-115.36301788330638,33.52291701532243,18,7914,2229,7585,2619,4.74,258585
-117.95783639104124,37.96822795645871,48,3264,921,14044,2678,13.54,717034
-118.18610680900898,36.90606777975041,5,8004,684,3181,1926,14.61,742465
-123.68081351277067,33.65705258874074,26,1032,1449,2380,1117,12.12,571220
-119.14518345967015,41.76714701664141,30,2640,740,4231,1556,8.83,446940
-122.84230323179689,34.56028830103018,13,4995,2789,10752,3063,14.42,707340
-116.94616496203628,33.17267363465218,19,1846,1915,5223,1717,3.58,170034
-119.20729191504074,38.13751384111297,29,640,1107,14479,4638,7.96,376161
-117.52051309674813,39.49273543182184,3,6156,2005,7522,4750,8.76,443916
-123.93160407795206,32.84529282730403,26,9921,631,2887,4116,8.14,457995
-123.49868815890014,38.73853298042128,40,2567,2268,4309,997,12.33,634476
-117.15811318385067,37.54886655270319,12,6896,1439,14160,4439,10.55,545861
-123.62627326657332,33.5117237335142,2,5390,833,6640,1221,3.21,185562
-123.6345824532368,34.16344968206527,11,4863,230,9489,221,6.18,316200
-124.22843090864173,37.88463813774432,44,7262,68,9570,4676,6.08,348326
-114.74672596107322,35.32872514316004,28,4531,1299,565,1193,9.14,450101
-116.94541607103157,41.36955100660889,18,9696,2978,12292,1909,5.43,323284
-120.80335585863928,40.24434555944492,13,3234,1666,11640,2238,3.08,174991
-121.37278276387194,41.795367413293576,37,9577,2272,1587,2543,10.32,610604
-120.83897957335166,34.983502594523394,22,3462,1295,5042,3627,12.99,631721
-116.57247854694093,41.66509938462897,12,2307,1688,4697,238,14.08,768650
-117.70983906485304,36.59791071473856,2,7236,103,4636,4126,14.63,782813
-122.49063649861061,35.81015186390243,37,4520,2792,14504,207,12.05,661646
-122.60194227324578,33.01378904878161,7,6138,2960,425,2767,3.39,218295
-123.36210767687749,33.03652107645886,26,2947,1476,10057,2020,13.02,646864
-117.72056069419857,39.05182591845802,26,4877,2446,4262,295,6.9,382541
-116.67569847129377,36.84911183762421,24,8172,492,403,2953,11.35,595046
-121.68893385961695,34.671568500999754,12,4464,2930,5167,2845,8.67,454057
-124.13971259124963,38.31746058252044,16,3333,629,12871,3874,12.69,627671
-123.52499645853666,34.91939489273355,23,1665,331,5124,2427,7.24,356751
-114.6326852501559,37.97551480838102,40,4309,2457,7815,899,2.33,155984
-121.3837344341267,35.92015430910712,9,2411,872,9732,1860,9.02,471814
-116.62699959570514,40.28962645241722,32,5739,2989,8440,4036,3.81,239679
-118.07837776870319,40.262750872815396,15,9935,1719,11326,2176,14.53,748218
-120.51532601788492,37.0318672463318,37,1889,690,2731,4314,8.61,402536
-122.28489988755662,35.8412078188425,13,9963,1081,6491,3080,8.97,520349
-123.13128036167956,35.95168768562108,5,7927,2066,13512,2357,13.75,747688
-118.17526980088978,40.121773686537935,11,7964,612,8387,3126,9.93,540550
-116.5726768423966,35.62816893312553,10,4741,2588,11747,2394,5.59,311589
-117.88520129444704,34.50724870658142,13,3741,390,12669,669,5.5,311005
-119.02576658217845,33.33691729704664,41,1018,521,2469,2952,8.27,422220
-123.92880971674637,36.93158226752229,46,4721,1760,11759,2457,13.2,694338
-114.62637267295239,37.07686305083571,50,1324,2346,628,4502,12.23,634416
-116.33090951578808,40.45295096489136,15,5860,284,10602,3054,14.5,752429
-121.41006675152231,34.621856133557465,42,5841,1156,14030,3964,2.47,145793
-114.51109789323715,36.12512788521964,7,1329,1166,4775,2536,5.12,270286
-118.30710884005133,40.14709800298964,40,1902,1958,1763,3452,2.58,183802
-118.50247651159924,40.29029817714785,28,2201,1467,3464,3646,11.64,576051
-116.8393452785275,36.15919022496021,32,7112,873,2441,1727,3.4,196945
-116.19983132757503,36.860357059127665,35,4078,1341,14019,4089,2.85,127761
-117.75895478239171,35.39392023289175,15,7432,681,14830,1354,9.08,499856
-123.06391870648335,41.31534140592573,48,6531,578,6756,4143,7.06,375056
-120.95379423981524,33.65643783562827,36,6235,2030,5005,2013,11.15,560668
-115.03204025112646,41.326582070443834,21,6723,2219,8984,3357,8.07,435843
-122.09485925708772,38.97518331177058,6,8311,2989,12622,1411,7.24,433447
-120.61344308067136,37.54209395678214,1,8936,2107,9243,4344,7.24,399639
-120.01194809524027,32.84732176198211,4,2601,1389,6050,1837,13.27,671294
-119.93837390346769,37.015360165045095,11,9681,2935,1460,1123,6.84,419519
-118.19608659175496,36.37690966807571,44,9174,1346,5227,1215,6.0,345769
-114.88151858904314,34.0570690206859,26,739,1379,5662,3649,6.07,283042
-121.93344517320165,38.716814368941186,37,5815,1283,14352,2767,4.15,250354
-123.13012618193878,41.67853003833557,23,3156,2031,8830,3203,13.12,694271
-122.36739628180622,37.830196712117186,29,8277,1803,9111,4176,3.48,211377
-115.44527400189894,39.26582833133753,21,3922,2850,5877,3105,13.77,710719
-117.86605944094173,33.184118758646214,48,5287,2983,11454,709,5.33,266711
-121.47949583603882,36.47024643063792,45,6660,2561,4025,4692,13.64,697888
-116.15789273275509,33.634933345397904,45,2370,2809,8563,2632,12.18,614189
-115.7018452365111,38.306408812398566,49,3591,2825,8101,1179,9.36,487493
-115.85099603954961,41.3711171087952,27,7142,2814,1128,2324,10.54,550315
-115.12397760225888,38.76732846255812,39,1816,1998,11957,4516,5.9,296664
-121.81750015745945,33.262716684638704,40,9308,2177,6118,1518,9.25,506563
-116.76937903538737,35.87740898890963,13,6658,2577,1342,2152,5.45,285829
-119.72618344736763,37.72174240053842,23,2956,951,9433,3316,6.93,355903
-115.89633452898379,36.3341849852139,16,7053,940,8884,2521,11.82,649383
-117.03595360129741,40.384590138571376,30,7909,1620,7219,1201,4.79,267124
-116.55446763714276,40.206054154321,4,2136,1874,9897,142,12.82,633661
-117.76213514968204,38.29732989917132,40,3291,2115,4310,2616,6.57,386657
-122.56861515452414,36.054239263698754,16,1168,1238,6506,1331,8.68,444352
-118.87792973427474,34.94271527711213,31,7497,1598,3477,2950,14.22,733028
-114.46391581517393,33.536277334385545,42,3403,251,14065,2849,10.7,564885
-114.93862381236893,35.87958720160847,25,6699,790,13833,3227,10.22,549617
-123.916535692598,36.42795338692464,44,5373,1419,4171,4561,11.11,570961
-122.69525925007645,38.899493725229334,12,1089,1439,12594,2654,13.89,698965
-123.02744311451619,38.73328394664017,26,9184,2050,11986,3931,4.85,282591
-117.06116170374763,33.19971759402423,37,9373,1521,10642,2463,9.78,555666
-116.13943528823627,36.2593901582072,48,7582,1586,12499,1594,6.91,397036
-122.20634588224085,34.25053914051538,33,3731,368,1540,3580,1.66,58796
-119.27123896276363,34.01560755703114,28,1001,2314,3726,2696,3.19,202563
-115.90934159876755,40.32491322902749,9,8434,1107,10174,4834,5.89,330903
-116.99267249054684,32.93442218929998,12,3549,1944,12003,2108,9.13,508692
-118.90593845686185,36.48451086223896,5,8205,2363,284,4564,13.4,725346
-118.42290918779392,34.12279640076294,28,3401,773,14152,1195,12.18,630969
-119.24606010896055,40.81449732953445,35,549,2872,5096,960,8.97,449361
-121.36261354875904,37.78175122991808,5,9959,1750,8512,3356,2.5,229970
-118.67717919169547,34.71729178830614,34,9521,462,8131,1616,5.36,310172
-117.4335915674171,37.2678407722356,46,783,1325,5663,2445,6.45,312988
-115.5818379247575,39.423286644806325,34,3577,450,3288,3055,9.89,500758
-117.96163480604835,41.555890463931874,13,6228,1889,9385,4557,2.38,150161
-116.70833976808669,34.61439689994939,39,7894,773,3045,4298,8.66,472456
-122.74288078505609,40.87897047573714,42,6396,2379,6865,141,13.67,735560
-119.71596295682531,41.331801714316086,45,7283,1185,2574,4042,11.02,602579
-124.25631053693598,41.163517324046744,48,3601,2820,6887,380,12.26,646194
-121.87334420020291,38.519249098070574,14,3385,800,10907,1004,10.7,547360
-117.05632438026544,38.4666123582306,11,5485,317,10304,3830,4.29,255455
-114.3922280884524,36.33421205825977,42,9554,2395,10782,2651,2.99,212895
-123.35425188014435,39.62006407247865,38,6972,1390,8892,3027,12.7,668273
-120.31899706875267,37.53947671268227,4,8690,619,9452,4339,10.89,593534
-116.31728747426044,38.914692250258256,33,3547,2606,4699,579,9.26,496335
-122.30148222832585,36.571788875217166,7,988,2023,6374,2942,4.06,212163
-118.77694710900505,39.42338172664594,41,5145,595,4413,1316,9.65,514356
-116.98996418786207,40.29827698065881,8,3089,2872,11027,1523,1.92,139586
-118.1655060793878,33.9179651746325,37,9769,414,2318,4784,3.1,208225
-122.46223166446121,40.37786862355349,51,5473,596,13886,1647,5.71,300710
-120.78193893039517,37.62419036414679,10,3472,320,12999,2575,7.49,364946
-116.4807304837666,40.488306204539015,43,9269,788,1252,4843,3.13,205108
-118.78556579811455,36.59854905666895,15,5434,2634,156,3811,3.12,176540
-124.29749468002915,36.10677096745436,38,9969,1307,9496,2792,11.3,631011
-116.70965276931794,41.15072149298707,15,7102,108,12633,4685,9.19,526563
-123.9954739964,34.90350280763046,5,7812,1324,243,4475,8.71,453965
-116.86283282137843,40.48403798094261,29,2692,1920,7318,519,7.61,376243
-122.317095175941,37.094633587313496,19,6945,135,8659,3880,14.68,768241
-114.73094225960142,37.377638114407354,51,9774,812,9774,583,2.17,141371
-120.65587485692707,35.44268652881605,10,4440,439,6461,4612,3.94,214759
-121.06760657196568,37.93232710782494,12,2522,1253,715,4105,10.24,513886
-122.85516397466225,35.60023735695915,4,5498,768,8162,3729,3.34,174334
-121.28173367647824,32.909525188013944,31,2061,2953,11930,4137,9.46,499822
-115.54842635124487,35.09950687629039,18,6820,198,11620,811,9.16,493605
-114.34680325022244,32.600026798456014,16,4247,632,6077,940,14.61,788342
-120.65217231371123,41.746318546205025,40,7781,170,11519,2405,13.43,717585
-119.84594926521639,41.627681244403824,36,7520,2862,9880,2005,14.26,776370
-117.10040778044453,36.25841134921439,25,1298,2702,10781,3021,3.03,143414
-115.45259436413065,39.39396973933607,23,5447,2353,7084,1722,13.22,673410
-118.39583488476468,35.7940353860421,12,1934,815,11295,2886,3.24,216087
-120.41908199029459,38.85498660817903,34,4863,2961,8990,4977,10.04,514136
-120.20727671787982,40.11909670506267,36,6109,849,5071,4989,11.22,572562
-117.36599380917205,41.448976262553984,37,3616,2156,5881,3694,3.67,178155
-124.31768863341304,36.30599751574542,3,6502,1071,11115,2347,10.04,572825
-118.1293230519032,39.91083401961641,9,7793,1519,1044,4111,2.21,143971
-120.78085017516877,35.042386720448235,18,880,2485,12173,3216,5.46,285467
-116.37625879397808,41.85902697869823,43,8363,1159,9214,1369,13.94,741842
-123.41637397617575,32.78249192437254,35,2270,2883,7178,233,3.82,187881
-118.44444923983816,38.21920606917555,34,6868,1300,1846,1333,2.38,147413
-119.52103218554332,38.74595128733899,41,8201,2690,12412,2896,7.49,432418
-117.90105171991152,39.01450869206755,14,2391,1699,11145,2283,12.98,636437
-123.69886991139099,33.67284711640533,4,9059,1865,5883,4138,2.54,185778
-118.52696277422156,41.371565262482164,29,7786,1395,9851,1482,6.3,382610
-118.71269473688638,34.24493465586128,41,9072,1391,7007,3190,13.65,733707
-118.72097265206165,38.40010952448691,45,9364,2663,9375,1846,3.1,228488
-118.29098382737159,34.63538190454823,50,3046,2496,11830,4772,5.69,272301
-117.55826191024732,35.43090648417016,15,2663,1782,8725,2105,12.01,577214
-116.26791044320507,37.68217487766165,28,7037,948,3026,3386,8.83,481537
-121.64099996991273,36.46579006869266,42,5122,2390,1189,832,12.74,650883
-116.06650392179218,34.04772290518893,16,4592,534,3057,1557,3.01,191035
-119.34751295007493,34.148511546780185,12,3383,852,2712,4920,13.93,707206
-123.5763348774913,36.47474245661195,5,3367,1765,6147,3904,14.12,725778
-123.76214867039045,39.666032825572465,34,3197,1965,6349,726,3.6,197604
-120.99424728029155,40.98984732683769,42,6721,1807,12483,1880,1.96,133862
-116.46963434980087,33.33164130186079,1,3427,1859,3859,4140,14.86,749282
-117.2448834152012,36.23910777013396,39,6764,2987,7818,4356,8.01,407027
-116.43230575468904,33.48331075463227,32,2224,2341,4363,1410,9.22,467736
-119.15661867332624,32.696135242752746,26,529,1493,10381,4635,9.81,522145
-119.93040206052687,38.766772803679636,17,2686,2002,2002,2736,12.16,609253
-122.86957663186891,38.20904924890559,48,1355,2913,14539,240,12.46,617488
-121.05494475376251,34.07400986099808,27,4677,2370,14256,892,4.12,232537
-119.9924455636143,34.74017875940574,24,2385,1720,2667,384,4.69,222882
-123.46045168601664,32.76308996179492,35,7286,1898,10290,1160,13.34,723499
-122.13505599477944,40.39685320558434,46,2517,569,14717,628,12.56,618950
-118.34381804760007,41.71183850881687,42,3821,1201,8175,111,9.84,505319
-116.96394233303853,33.81467424123804,39,4691,1446,11406,436,14.93,820733
-114.32659098561479,34.718181761531454,26,2711,2665,3094,1219,11.42,561703
-114.98154215331068,40.71173362034065,49,8042,2735,5329,2250,4.41,290157
-117.89864539666668,41.258024338767704,38,8841,2256,2110,4764,12.93,693129
-120.12066954492751,36.48869367221209,23,9746,701,7477,1733,7.1,408976
-117.96277925832935,33.016357464051985,22,8048,2273,13136,536,1.99,123552
-116.46205775447447,32.91067715504943,4,5604,2000,10183,3782,5.84,335995
-123.16190464312919,37.94086823970939,49,5593,2717,930,590,11.81,611146
-120.23455490744927,36.237142974684815,9,1493,260,148,2110,14.46,707509
-115.91838505221841,32.80961934350573,4,2665,2544,4310,4296,5.23,303938
-120.49631716259223,38.028405011661164,7,3375,635,1278,1288,4.83,250658
-118.60840239687904,32.6463568693027,23,8049,216,5868,1040,9.11,458557
-118.44879561694353,39.94917012618466,2,9625,2557,14938,4517,12.46,665750
-122.49785841853826,35.423532861638726,49,9829,1306,7978,2349,11.58,644306
-120.71315616581103,32.91882780831688,24,8644,1255,11325,3957,9.06,509187
-120.991506661031,38.07639439945147,40,8410,1788,170,4338,10.02,530232
-124.08698504633806,36.282210339815045,31,2959,1102,7786,1130,4.77,233745
-124.10711469053079,41.70346188969078,47,5455,763,7979,247,7.34,366951
-115.99976168149523,37.66090941415984,31,8614,2938,5555,2244,4.95,290114
-121.60836906787296,35.130000693558245,47,202,2965,8358,1648,13.44,676029
-119.1484891869623,39.2158197162057,40,8330,737,5712,1650,3.02,206829
-121.35079524116871,35.094739743926915,48,1459,379,5869,3742,10.68,538314
-114.90558037904198,41.04892937214519,51,8390,1796,1877,3915,5.01,288876
-121.74666054098763,36.06613374247441,43,4523,1257,13354,733,7.92,413045
-120.0362456001011,37.71426317572409,34,5973,2192,7480,3133,5.54,309919
-115.5877882851346,33.01589290698599,24,2768,834,2328,4039,5.86,304166
-115.89698698941024,36.54980084913049,49,2085,2746,10081,382,5.02,280206
-122.48154176482338,40.37254090820996,26,7260,2450,8904,1821,11.66,625516
-116.29146116965107,40.12115525846905,16,8044,990,10178,4250,6.44,364380
-119.74980365715156,34.65083763881168,47,6311,1338,9914,2771,11.31,596220
-119.50099252426303,34.66740405820939,13,9691,1729,8988,856,7.66,412618
-123.00986107694392,40.23084298792656,15,2538,2743,6846,1114,8.89,457176
-123.54076080187846,41.295049133793356,27,9468,675,6491,938,8.83,475909
-117.0414893579834,33.43734626917896,4,3958,188,9529,2973,14.67,760221
-119.36553003035279,36.77505179700078,16,5010,2813,2506,370,6.46,343872
-119.96401894574359,35.7154447650534,30,9339,811,8540,4007,4.3,294981
-117.02573738432994,40.733178365854506,44,6991,1883,737,2432,13.81,700215
-116.66425049412926,33.325969447138974,30,7371,2352,8190,3281,3.86,167844
-122.75456199659969,34.526695119471135,36,2931,1605,1049,2361,12.76,658008
-118.22333949924447,39.620727056688914,3,1069,725,10196,3651,3.53,168980
-122.99104501393204,33.02267511891324,22,5366,141,3687,1550,10.39,549551
-116.80619413626839,37.174757932521466,49,293,1142,1211,1618,3.53,153252
-117.75417023107792,36.700227196336165,22,3187,86,8467,3331,13.96,752114
-114.74558920432209,35.686715094284125,50,8827,1837,822,1569,9.13,492904
-123.65766151578153,36.252925487151074,50,5147,2237,14861,1968,5.95,309076
-123.77717059964141,37.52674092301349,49,6851,2964,3942,4139,3.39,241564
-121.51684177008026,34.05846684243468,12,7179,2777,3774,1915,6.51,378201
